Loan Number,Country / Economy,Region,Loan Type,Loan Status,Board Approval Date,Original Principal Amount (US$),Cancelled Amount (US$),Disbursed Amount (US$),Repaid to IBRD (US$),Due to IBRD (US$),Agreement Signing Date,Effective Date (Most Recent),Last Disbursement Date
LOAN-1000,Indonesia,South Asia,Investment,Disbursing&Repaying,2024-06-18,446222547.36,0.0,265910032.41,33394081.59,56612871.32,2024-01-09,2025-02-19,2025-12-30
LOAN-1001,India,South Asia,Education,Disbursing&Repaying,2024-06-11,135089595.01,0.0,108650430.97,2594830.09,26900153.03,2024-04-06,2025-02-25,2031-07-03
LOAN-1002,India,Latin America,Investment,Effective,2004-08-01,420392940.02,0.0,282588307.99,39543019.9,322823860.24,2004-04-16,2004-10-19,2013-06-15
LOAN-1003,Ghana,Europe & Central Asia,Health,Fully Repaid,2003-07-15,162389916.0,0.0,70600697.42,29192145.23,23322378.37,2003-04-21,2004-06-30,2012-06-19
LOAN-1004,Pakistan,South Asia,Education,Repaying,2004-07-12,32265508.28,0.0,18788806.27,4893528.95,3544171.93,2004-04-22,2005-03-31,2013-07-13
LOAN-1005,Mexico,Africa,Health,Disbursing,2007-09-04,216386066.64,0.0,202567682.61,127949503.05,121751946.36,2007-02-20,2008-02-06,2012-02-28
LOAN-1006,Egypt,East Asia,Agriculture,Effective,2002-07-05,165618956.94,0.0,165618956.94,102575399.18,35560274.88,2002-06-17,2003-01-12,2012-04-29
LOAN-1007,Nigeria,South Asia,Education,Disbursing&Repaying,2022-05-24,130534791.93,0.0,130534791.93,102956819.2,37334048.37,2021-12-01,2023-02-12,2026-06-02
LOAN-1008,Nigeria,Latin America,Infrastructure,Cancelled,2017-11-30,151743367.08,50316955.69,128844459.51,30467520.49,74117453.23,2017-10-16,2018-09-16,2029-10-20
LOAN-1009,Kenya,South Asia,Education,Cancelled,2002-11-06,517356231.25,221931115.75,270201219.67,38904598.79,289906208.6,2002-06-30,2003-09-02,2009-04-22
LOAN-1010,Jordan,South Asia,Investment,Disbursing&Repaying,2015-04-05,409768629.1,0.0,201459220.19,160423912.07,251253056.38,2015-01-10,2015-12-13,2019-08-17
LOAN-1011,Egypt,South Asia,Investment,Repaying,2022-10-09,572520476.88,0.0,572520476.88,135716062.45,243572873.96,2022-04-22,2023-04-09,2034-12-23
LOAN-1012,Pakistan,Latin America,Education,Disbursing,2014-07-16,227478742.29,0.0,120390674.09,103313229.63,168749545.49,2014-07-02,2014-10-11,2023-07-02
LOAN-1013,Nepal,Latin America,Health,Fully Repaid,2003-02-07,39465474.06,0.0,39465474.06,33634627.9,4508539.27,2002-12-27,2003-05-13,2014-08-01
LOAN-1014,Jordan,Latin America,Climate,Cancelled,2009-01-08,162708694.22,62973109.28,162708694.22,61963399.55,33981491.8,2008-07-11,2010-01-05,2018-03-21
LOAN-1015,Egypt,Europe & Central Asia,Health,Cancelled,2010-04-28,273634254.13,90882262.67,163722075.8,9434207.39,17998483.24,2010-03-31,2011-05-25,2012-06-18
LOAN-1016,Philippines,South Asia,Agriculture,Disbursing&Repaying,2021-10-10,543724907.74,0.0,543724907.74,34674215.43,124243031.28,2021-05-15,2022-01-15,2035-05-27
LOAN-1017,Tanzania,Latin America,Education,Fully Repaid,2015-11-22,471848557.45,0.0,471848557.45,80860179.07,57894926.52,2015-07-30,2016-08-17,2017-12-04
LOAN-1018,Indonesia,South Asia,Education,Repaying,2024-01-21,244559662.85,0.0,164207649.76,127343899.85,57836465.03,2023-12-07,2024-09-23,2028-12-28
LOAN-1019,Nigeria,East Asia,Investment,Cancelled,2004-05-23,153634836.49,90842271.79,153634836.49,61272287.6,106931663.48,2003-12-27,2004-06-29,2007-04-22
LOAN-1020,Philippines,Latin America,Investment,Repaying,2016-12-31,246816364.48,0.0,193772253.58,150790729.87,179394068.64,2016-09-13,2017-06-14,2028-01-10
LOAN-1021,Nepal,East Asia,Agriculture,Fully Repaid,2006-12-11,419471944.64,0.0,412929966.71,291126104.89,229200931.98,2006-09-17,2007-05-01,2009-01-28
LOAN-1022,Jordan,South Asia,Investment,Cancelled,2007-01-23,450045458.43,349445600.87,200599760.53,105467297.0,192231421.25,2006-12-24,2007-05-28,2009-06-02
LOAN-1023,Kenya,Latin America,Education,Disbursing,2003-09-05,245246453.03,0.0,245246453.03,125739786.35,118745706.74,2003-03-11,2004-07-29,2017-03-05
LOAN-1024,Peru,Africa,Climate,Fully Repaid,2005-11-14,561150223.35,0.0,316156165.64,203785608.24,128511517.88,2005-05-23,2006-05-16,2016-12-11
LOAN-1025,Vietnam,South Asia,Health,Cancelled,2009-07-24,10542696.85,3786095.91,9456033.72,4791318.21,1317688.84,2009-04-16,2009-09-27,2015-11-11
LOAN-1026,Ghana,Africa,Investment,Disbursing&Repaying,2023-09-23,98859365.25,0.0,98859365.25,62596359.38,50295525.01,2023-03-27,2024-08-01,2031-04-06
LOAN-1027,Indonesia,Latin America,Climate,Effective,2009-06-12,162357223.28,0.0,162357223.28,108483040.2,27046429.41,2009-03-07,2009-10-24,2016-03-09
LOAN-1028,Peru,East Asia,Investment,Effective,2001-12-23,154417144.98,0.0,154417144.98,7059798.11,81179152.34,2001-09-19,2002-03-29,2008-09-02
LOAN-1029,Mexico,East Asia,Health,Disbursing&Repaying,2006-09-08,333249850.57,0.0,247321221.7,2152369.73,35468746.37,2006-08-20,2007-04-15,2019-11-25
LOAN-1030,Morocco,East Asia,Agriculture,Disbursing,2016-01-19,80830083.97,0.0,52265272.24,42286961.02,52304478.77,2015-07-19,2016-06-24,2019-03-06
LOAN-1031,Ghana,Europe & Central Asia,Agriculture,Repaying,2007-04-16,531060147.36,0.0,385072728.17,215099838.88,88110846.34,2006-12-22,2007-05-28,2012-02-18
LOAN-1032,Vietnam,East Asia,Education,Disbursing&Repaying,2004-11-06,482329907.67,0.0,482329907.67,351943778.7,120632775.34,2004-10-18,2005-08-03,2010-08-29
LOAN-1033,Pakistan,East Asia,Education,Disbursing&Repaying,2008-08-30,213046762.55,0.0,213046762.55,167069296.73,46272193.15,2008-05-28,2009-02-18,2011-01-15
LOAN-1034,Nigeria,Africa,Infrastructure,Disbursing,2005-03-04,386681634.47,0.0,278311286.53,245758528.55,174842663.62,2005-01-08,2006-01-25,2011-12-12
LOAN-1035,Brazil,South Asia,Education,Cancelled,2005-03-09,359959896.72,266263357.8,243530756.3,172367504.11,135811217.86,2005-01-10,2005-08-16,2007-01-01
LOAN-1036,Colombia,South Asia,Infrastructure,Disbursing&Repaying,2008-11-02,314352607.4,0.0,314352607.4,194323801.54,237398253.02,2008-07-05,2009-01-06,2017-01-23
LOAN-1037,Vietnam,South Asia,Health,Fully Repaid,2013-04-06,433253786.49,0.0,277394122.49,77214372.73,154366019.85,2013-02-23,2013-08-12,2023-07-07
LOAN-1038,Bangladesh,Latin America,Education,Effective,2009-06-05,371231374.99,0.0,237870178.59,117304130.47,18674591.91,2008-12-29,2010-05-11,2017-06-22
LOAN-1039,Egypt,East Asia,Climate,Disbursing&Repaying,2007-08-12,268085080.59,0.0,153066158.08,65185912.38,194599104.77,2007-07-12,2008-02-03,2019-12-29
LOAN-1040,Vietnam,South Asia,Investment,Repaying,2006-08-11,491961961.4,0.0,491961961.4,297890889.94,107484095.06,2006-07-21,2007-01-13,2018-02-01
LOAN-1041,Kenya,East Asia,Agriculture,Fully Repaid,2017-12-04,251592401.54,0.0,227392308.26,39791769.56,143977698.73,2017-10-18,2018-12-04,2018-11-14
LOAN-1042,Indonesia,East Asia,Investment,Cancelled,2011-03-06,135210476.4,64073147.81,135210476.4,84685106.54,53869532.22,2010-10-29,2012-03-11,2023-11-29
LOAN-1043,Jordan,Europe & Central Asia,Health,Cancelled,2019-02-21,193792284.69,90607227.53,193792284.69,77190583.7,128146094.06,2019-01-02,2019-11-21,2030-01-20
LOAN-1044,Nigeria,Latin America,Education,Repaying,2012-04-26,504718418.27,0.0,313858685.32,219672001.28,208674700.88,2012-03-28,2013-05-26,2019-07-19
LOAN-1045,Philippines,Africa,Climate,Fully Repaid,2006-11-08,204829284.29,0.0,204829284.29,14854197.55,33412366.01,2006-09-05,2007-01-09,2016-12-23
LOAN-1046,Colombia,Africa,Health,Cancelled,2000-11-16,327853628.6,140396306.07,240191924.5,44711955.06,119701864.06,2000-11-05,2001-06-14,2008-05-24
LOAN-1047,Bangladesh,East Asia,Infrastructure,Fully Repaid,2009-11-04,325241237.73,0.0,321243128.05,231256937.93,235266017.29,2009-07-06,2010-08-09,2011-04-25
LOAN-1048,Bangladesh,Africa,Investment,Repaying,2023-12-17,402979804.27,0.0,402979804.27,262647422.83,274179095.91,2023-08-29,2024-11-14,2037-06-09
LOAN-1049,India,South Asia,Agriculture,Fully Repaid,2014-09-07,387436040.57,0.0,197034313.86,81873392.52,33983361.5,2014-05-04,2015-03-23,2023-01-27
LOAN-1050,Bangladesh,Africa,Investment,Disbursing,2024-03-12,452445845.02,0.0,452445845.02,102725285.73,50415893.27,2023-12-04,2024-08-03,2026-07-22
LOAN-1051,Brazil,South Asia,Climate,Repaying,2021-03-29,570018980.97,0.0,318919090.79,5849618.93,93646571.14,2021-02-18,2022-02-10,2026-12-13
LOAN-1052,Egypt,Africa,Infrastructure,Disbursing,2007-05-07,461304368.52,0.0,246443239.27,134686835.49,281831246.36,2007-03-31,2008-03-28,2008-09-28
LOAN-1053,Nepal,Europe & Central Asia,Investment,Disbursing,2010-11-22,408021635.68,0.0,408021635.68,145659234.62,239207183.9,2010-05-18,2011-05-25,2014-06-05
LOAN-1054,Brazil,Africa,Education,Disbursing,2018-11-04,321983420.96,0.0,299192491.83,18568204.05,172472815.17,2018-09-28,2019-07-13,2027-10-15
LOAN-1055,Egypt,Latin America,Education,Cancelled,2021-09-08,264114851.28,121847985.72,260690930.58,226521220.91,66705321.53,2021-02-23,2022-08-07,2028-07-11
LOAN-1056,Vietnam,Latin America,Infrastructure,Fully Repaid,2016-12-31,499284956.24,0.0,234329567.51,185933028.64,116282257.74,2016-12-14,2017-10-10,2025-02-09
LOAN-1057,Mexico,East Asia,Health,Disbursing&Repaying,2012-05-23,131211310.86,0.0,131211310.86,40190675.17,93191519.43,2012-05-11,2013-03-13,2017-07-01
LOAN-1058,Kenya,Latin America,Education,Disbursing&Repaying,2022-01-06,433444425.14,0.0,342794845.23,233905441.54,246177797.36,2021-12-23,2022-03-24,2029-06-08
LOAN-1059,Philippines,East Asia,Education,Cancelled,2015-06-03,416613357.4,332448659.65,268700960.78,140638090.07,168705648.73,2015-01-04,2015-12-19,2024-02-18
LOAN-1060,Egypt,Africa,Climate,Disbursing&Repaying,2024-01-14,187440679.85,0.0,109546037.7,71112456.49,53731924.86,2023-11-18,2024-05-21,2029-09-16
LOAN-1061,Tanzania,Africa,Infrastructure,Disbursing,2008-09-15,436128075.65,0.0,436128075.65,205927981.33,114374163.69,2008-07-09,2009-04-17,2013-07-20
LOAN-1062,Nepal,South Asia,Climate,Effective,2005-08-30,426270999.0,0.0,213675315.4,8753023.59,38745695.79,2005-04-17,2005-11-20,2006-10-04
LOAN-1063,Nepal,East Asia,Investment,Fully Repaid,2005-02-12,289834954.12,0.0,194932772.31,169386419.02,69374544.75,2004-10-23,2005-11-20,2007-08-07
LOAN-1064,Brazil,Latin America,Health,Disbursing,2018-09-01,93772562.76,0.0,79732154.26,21802913.91,74590315.29,2018-03-23,2019-08-13,2024-07-19
LOAN-1065,Peru,East Asia,Health,Effective,2002-09-13,273056106.61,0.0,205932581.58,159422707.87,216403366.38,2002-02-26,2002-12-02,2008-03-07
LOAN-1066,Pakistan,Africa,Education,Disbursing,2018-04-29,397954741.63,0.0,209183188.67,32722985.04,42302052.46,2017-10-25,2019-03-29,2029-09-07
LOAN-1067,Nepal,South Asia,Infrastructure,Disbursing&Repaying,2010-06-21,142728359.56,0.0,137813460.53,87193033.28,55738777.78,2010-01-02,2011-05-18,2015-09-23
LOAN-1068,Colombia,South Asia,Agriculture,Disbursing,2002-09-04,329014615.33,0.0,302070877.65,246964178.27,220431030.53,2002-06-08,2003-08-04,2016-04-05
LOAN-1069,Nepal,East Asia,Education,Cancelled,2024-03-22,78990426.61,36545340.96,75115345.31,47304663.63,59796320.14,2023-10-11,2024-05-11,2034-09-25
LOAN-1070,Vietnam,Europe & Central Asia,Climate,Cancelled,2000-12-05,153968901.94,106677776.68,72836761.14,63056240.27,104232167.48,2000-07-01,2001-01-24,2005-09-05
LOAN-1071,Tanzania,Europe & Central Asia,Investment,Disbursing&Repaying,2022-01-21,392648146.21,0.0,392648146.21,64135239.49,192003851.53,2021-09-13,2022-08-17,2032-01-14
LOAN-1072,Vietnam,Africa,Health,Effective,2017-12-18,403729438.17,0.0,403729438.17,119836303.02,230228833.91,2017-11-29,2018-09-06,2020-10-04
LOAN-1073,Vietnam,Africa,Education,Disbursing,2024-05-03,197347902.83,0.0,197347902.83,71786789.89,86033263.54,2024-01-09,2024-06-29,2029-05-13
LOAN-1074,Peru,Africa,Agriculture,Effective,2024-08-20,375467154.2,0.0,299921090.91,119319665.1,33307252.47,2024-05-29,2025-05-01,2036-04-29
LOAN-1075,Indonesia,South Asia,Health,Cancelled,2000-08-12,584022355.41,259769880.39,518084674.29,111578713.05,98573408.97,2000-06-06,2000-11-08,2011-10-14
LOAN-1076,Indonesia,Latin America,Agriculture,Fully Repaid,2021-03-07,301533425.3,0.0,293477254.49,134408125.68,76911730.52,2020-11-01,2022-01-13,2025-03-30
LOAN-1077,Bangladesh,Latin America,Infrastructure,Effective,2018-08-12,553511549.21,0.0,446458382.31,353324319.65,386362242.74,2018-03-26,2019-01-25,2019-06-29
LOAN-1078,Nepal,Africa,Education,Fully Repaid,2024-02-28,503298173.95,0.0,434818773.69,258259166.06,351777966.68,2023-11-22,2024-09-15,2037-05-11
LOAN-1079,Jordan,East Asia,Agriculture,Cancelled,2017-03-06,275930047.04,196905829.84,181402450.32,30799802.56,158142082.81,2016-11-11,2017-04-27,2025-02-18
LOAN-1080,Tanzania,East Asia,Agriculture,Fully Repaid,2001-08-29,234716857.73,0.0,218509908.35,161407325.07,184396756.52,2001-04-13,2002-07-27,2009-12-04
LOAN-1081,Indonesia,East Asia,Investment,Disbursing&Repaying,2006-12-04,64328460.16,0.0,64328460.16,888558.61,10171394.96,2006-07-27,2007-05-18,2015-05-04
LOAN-1082,Bangladesh,South Asia,Health,Effective,2021-11-20,511800348.95,0.0,511800348.95,395830466.75,171456724.14,2021-11-01,2022-11-01,2024-03-29
LOAN-1083,Philippines,Africa,Education,Disbursing&Repaying,2004-07-04,598468424.16,0.0,596920242.24,233141720.53,74109748.24,2004-05-13,2005-07-24,2012-01-17
LOAN-1084,India,South Asia,Education,Repaying,2023-10-29,198002926.73,0.0,88090587.82,28419521.88,73858079.71,2023-05-28,2024-11-11,2028-09-07
LOAN-1085,Mexico,Latin America,Agriculture,Cancelled,2006-06-02,51986168.64,24781284.03,51986168.64,28994730.96,11989172.06,2006-03-19,2007-02-22,2012-12-18
LOAN-1086,India,East Asia,Climate,Effective,2013-06-02,541219607.04,0.0,509876880.64,72493305.66,206365595.28,2013-02-04,2014-06-20,2019-11-06
LOAN-1087,Egypt,Africa,Health,Cancelled,2016-02-07,123534114.47,46637023.13,87431837.67,38022991.88,28153952.97,2015-08-02,2016-08-06,2017-05-31
LOAN-1088,Bangladesh,Africa,Infrastructure,Cancelled,2022-04-13,9818289.63,6533527.69,9818289.63,6877519.98,7660250.31,2022-02-04,2023-03-19,2031-01-02
LOAN-1089,Philippines,Latin America,Climate,Repaying,2004-05-10,374430242.06,0.0,352792505.07,228904315.18,203834639.88,2003-11-17,2004-06-29,2012-02-08
LOAN-1090,Egypt,South Asia,Agriculture,Disbursing&Repaying,2018-08-21,349846414.19,0.0,344909316.65,27979056.93,94924820.68,2018-06-21,2018-11-26,2031-07-22
LOAN-1091,Ghana,Europe & Central Asia,Climate,Fully Repaid,2013-03-28,303567883.55,0.0,187611594.27,27783396.93,223285323.89,2012-12-22,2013-06-24,2024-07-24
LOAN-1092,Kenya,Latin America,Investment,Fully Repaid,2016-05-28,453720138.37,0.0,263380800.11,160317615.37,252179773.02,2016-02-07,2016-07-04,2023-02-27
LOAN-1093,Jordan,South Asia,Investment,Disbursing&Repaying,2016-08-30,275597686.5,0.0,258583030.97,156470329.1,134607440.99,2016-03-01,2017-01-26,2028-01-22
LOAN-1094,India,Europe & Central Asia,Climate,Disbursing,2020-10-28,531119732.9,0.0,450987524.29,371492096.74,114735352.78,2020-08-02,2021-10-25,2030-10-20
LOAN-1095,Indonesia,Latin America,Agriculture,Repaying,2024-02-11,31981352.55,0.0,13744616.37,12319775.73,4384335.15,2023-10-25,2024-10-30,2033-04-03
LOAN-1096,Jordan,East Asia,Infrastructure,Fully Repaid,2018-04-22,354467505.6,0.0,347831633.02,277177430.11,191834773.81,2018-04-04,2019-05-10,2027-06-09
LOAN-1097,Pakistan,East Asia,Climate,Effective,2024-06-03,269594036.57,0.0,158761262.01,51822443.9,211818899.2,2024-02-23,2024-08-03,2034-03-04
LOAN-1098,Nigeria,Latin America,Investment,Repaying,2000-12-15,581083091.18,0.0,581083091.18,431031151.45,69006561.93,2000-09-11,2001-05-18,2004-08-07
LOAN-1099,Pakistan,South Asia,Agriculture,Repaying,2014-09-27,498741613.14,0.0,420621834.41,221980975.45,329064597.19,2014-04-18,2014-10-28,2021-10-11
LOAN-1100,Morocco,Latin America,Infrastructure,Repaying,2000-08-31,326428196.83,0.0,326428196.83,32294753.57,228446176.26,2000-06-22,2001-07-28,2008-09-30
LOAN-1101,India,Latin America,Education,Disbursing,2021-05-12,162893667.45,0.0,81675998.23,30944136.33,22029247.66,2021-01-30,2022-02-28,2024-08-17
LOAN-1102,Egypt,Europe & Central Asia,Infrastructure,Disbursing&Repaying,2023-05-23,136822105.07,0.0,122057011.77,79888596.36,100094094.45,2023-01-16,2024-05-16,2024-11-28
LOAN-1103,Brazil,East Asia,Investment,Fully Repaid,2003-04-19,509142633.18,0.0,377284311.66,36659074.14,297492542.67,2003-01-17,2004-03-25,2007-06-12
LOAN-1104,Kenya,Latin America,Infrastructure,Cancelled,2023-10-19,168634519.74,79634152.87,152860679.38,75439923.35,49559844.28,2023-05-08,2024-06-25,2026-11-04
LOAN-1105,Indonesia,Europe & Central Asia,Education,Effective,2020-05-05,433899750.41,0.0,248198664.01,100867794.18,96052466.19,2020-01-10,2020-07-22,2028-03-04
LOAN-1106,Colombia,Africa,Investment,Disbursing,2004-02-03,400739178.52,0.0,280293339.13,38505306.51,297444157.68,2004-01-01,2004-10-11,2007-01-29
LOAN-1107,Ghana,Latin America,Infrastructure,Disbursing,2018-06-05,336040587.69,0.0,292077091.93,147623874.0,99882851.38,2017-12-07,2019-02-06,2020-05-26
LOAN-1108,Nepal,Europe & Central Asia,Investment,Fully Repaid,2010-01-22,190907094.96,0.0,92185304.44,42098382.11,31699671.03,2009-10-15,2010-12-02,2019-02-15
LOAN-1109,Indonesia,Africa,Health,Cancelled,2001-03-06,346589502.58,262524417.88,346589502.58,263629716.27,270655191.68,2000-08-31,2001-08-19,2002-08-25
LOAN-1110,Mexico,Africa,Investment,Repaying,2017-12-23,423105769.86,0.0,273828871.65,83748422.09,23092834.54,2017-11-07,2018-12-12,2019-06-27
LOAN-1111,Kenya,Europe & Central Asia,Health,Disbursing&Repaying,2014-07-20,133004063.62,0.0,97873167.62,30028112.61,43564126.97,2014-02-08,2014-10-01,2016-07-19
LOAN-1112,Morocco,Latin America,Health,Fully Repaid,2021-10-14,453889348.08,0.0,199625071.43,14657146.43,173537661.69,2021-06-13,2022-06-13,2028-09-24
LOAN-1113,Pakistan,Europe & Central Asia,Climate,Fully Repaid,2023-08-21,72721417.33,0.0,54099709.93,13791196.68,40641432.43,2023-05-25,2023-10-13,2029-05-27
LOAN-1114,Bangladesh,Europe & Central Asia,Infrastructure,Effective,2012-12-25,37595265.32,0.0,21186379.41,18025195.3,23516295.07,2012-11-15,2013-01-27,2024-12-16
LOAN-1115,Colombia,Latin America,Investment,Disbursing&Repaying,2015-11-20,81865492.55,0.0,67626290.0,14005380.62,38398409.68,2015-08-01,2016-01-10,2026-06-28
LOAN-1116,India,East Asia,Infrastructure,Disbursing&Repaying,2018-09-26,553091648.53,0.0,553091648.53,286602825.03,265511513.5,2018-08-18,2019-05-21,2020-01-09
LOAN-1117,Vietnam,Latin America,Investment,Disbursing,2019-08-04,481786681.81,0.0,430958288.37,322711617.04,356438946.63,2019-05-24,2020-04-13,2029-05-23
LOAN-1118,Peru,South Asia,Health,Repaying,2003-06-05,240481184.63,0.0,155884629.21,47632411.75,72096611.91,2002-12-15,2003-09-01,2016-02-23
LOAN-1119,Peru,Latin America,Investment,Repaying,2010-08-07,544024025.29,0.0,369664440.72,241997571.26,361346987.29,2010-06-21,2011-01-15,2015-11-05
LOAN-1120,Mexico,Europe & Central Asia,Education,Disbursing&Repaying,2022-03-01,95957524.46,0.0,95957524.46,6507642.23,73260605.36,2021-09-28,2023-01-21,2033-01-19
LOAN-1121,Vietnam,Africa,Infrastructure,Effective,2002-07-09,94819653.83,0.0,43107765.05,17156341.19,26275979.32,2002-02-20,2002-09-14,2010-04-20
LOAN-1122,Egypt,East Asia,Education,Disbursing,2022-09-29,27376311.11,0.0,19026264.64,4915803.24,14605257.93,2022-05-24,2023-08-22,2035-12-30
LOAN-1123,Brazil,East Asia,Investment,Cancelled,2006-10-07,545884724.16,256737154.69,468000811.74,79286600.21,274991818.34,2006-07-02,2007-11-06,2009-06-23
LOAN-1124,Peru,Latin America,Infrastructure,Cancelled,2007-02-13,28289565.09,11986605.27,27330474.25,24375706.17,12533731.84,2006-11-23,2007-09-29,2017-02-08
LOAN-1125,Vietnam,Europe & Central Asia,Infrastructure,Cancelled,2017-05-04,36157482.93,12698416.56,32712009.61,9852347.4,10748465.04,2016-11-07,2018-04-07,2021-07-13
LOAN-1126,Vietnam,South Asia,Agriculture,Disbursing&Repaying,2017-07-31,351730011.18,0.0,180487689.18,56824511.01,272862428.16,2017-02-19,2018-08-27,2020-04-20
LOAN-1127,Nepal,Europe & Central Asia,Investment,Disbursing&Repaying,2023-08-12,229124187.1,0.0,229124187.1,167688272.3,126611115.92,2023-02-18,2024-08-19,2033-12-05
LOAN-1128,Peru,Africa,Agriculture,Fully Repaid,2008-08-11,15847169.99,0.0,10254590.49,8778466.61,4853976.42,2008-06-27,2008-11-28,2011-03-01
LOAN-1129,Nepal,South Asia,Health,Disbursing&Repaying,2015-02-08,307075379.07,0.0,255430399.83,169804919.72,136617443.76,2014-12-27,2016-01-09,2024-05-17
LOAN-1130,Morocco,Latin America,Investment,Disbursing&Repaying,2019-08-19,112603350.47,0.0,107454732.6,60418189.1,81861733.5,2019-04-26,2020-03-22,2025-10-11
LOAN-1131,Egypt,Europe & Central Asia,Agriculture,Effective,2021-01-14,174532119.88,0.0,174327780.2,70434553.74,78628179.49,2020-10-02,2022-01-26,2034-08-26
LOAN-1132,Egypt,East Asia,Health,Repaying,2008-12-15,462815938.43,0.0,462815938.43,209477909.13,168462974.47,2008-10-31,2009-05-22,2010-12-12
LOAN-1133,Tanzania,Africa,Agriculture,Effective,2003-10-06,334951743.53,0.0,161470785.02,122928200.97,230572251.05,2003-07-19,2004-06-22,2016-02-05
LOAN-1134,Morocco,East Asia,Investment,Disbursing,2018-08-11,59569573.95,0.0,59569573.95,43785598.49,42501242.74,2018-04-22,2019-05-25,2027-10-26
LOAN-1135,Philippines,East Asia,Agriculture,Disbursing&Repaying,2015-01-15,596742583.99,0.0,417678119.6,10595988.91,446434720.93,2014-12-01,2015-03-05,2022-04-18
LOAN-1136,Tanzania,Latin America,Agriculture,Disbursing,2011-06-25,456510487.09,0.0,353927148.95,196009608.84,332975607.04,2011-05-08,2012-04-30,2024-02-20
LOAN-1137,Colombia,South Asia,Investment,Disbursing&Repaying,2020-07-03,466822716.42,0.0,275477771.47,30209859.52,106822868.35,2020-05-26,2021-04-14,2033-05-07
LOAN-1138,India,Europe & Central Asia,Health,Effective,2010-10-16,347153237.23,0.0,338417286.48,88714328.16,17764960.07,2010-06-22,2011-02-18,2013-07-13
LOAN-1139,Peru,Africa,Education,Cancelled,2000-11-29,45269197.13,32774847.26,37159109.84,16966661.04,35819189.5,2000-11-08,2001-11-19,2010-05-30
LOAN-1140,Ghana,Africa,Health,Disbursing&Repaying,2004-08-25,449653371.98,0.0,308316121.34,18746730.72,103799982.33,2004-02-09,2005-03-13,2008-06-17
LOAN-1141,Brazil,Africa,Climate,Fully Repaid,2021-06-19,329878178.4,0.0,329878178.4,51982274.06,209260513.51,2021-04-24,2021-09-26,2023-09-13
LOAN-1142,Egypt,South Asia,Education,Effective,2023-02-13,179598329.85,0.0,78133359.1,14026723.33,14624594.38,2022-09-17,2023-11-12,2029-08-15
LOAN-1143,Brazil,Latin America,Infrastructure,Effective,2005-08-01,175235982.85,0.0,175235982.85,7539288.23,94942597.15,2005-04-02,2006-03-23,2016-04-07
LOAN-1144,Bangladesh,Africa,Investment,Cancelled,2011-12-18,584365532.67,371801865.77,465717463.3,208534799.05,434319660.27,2011-11-18,2012-08-24,2016-10-30
LOAN-1145,Jordan,Africa,Agriculture,Cancelled,2019-02-11,196120799.79,120390495.5,91010863.02,54135745.86,54888699.31,2018-11-04,2019-10-27,2020-11-18
LOAN-1146,Ghana,Europe & Central Asia,Infrastructure,Disbursing,2018-03-22,598899605.67,0.0,371104719.78,327323473.94,455719649.21,2017-11-01,2019-04-03,2022-08-18
LOAN-1147,India,Latin America,Infrastructure,Repaying,2016-06-06,509958239.43,0.0,480620901.65,189535516.38,73776942.69,2016-02-19,2017-04-22,2017-12-23
LOAN-1148,Morocco,East Asia,Education,Cancelled,2016-06-17,569549999.91,221344936.83,397324175.71,272872717.88,273635361.6,2016-03-28,2016-11-21,2019-10-29
LOAN-1149,India,Latin America,Agriculture,Effective,2020-01-07,301931156.35,0.0,214247300.26,108303175.72,74375458.82,2019-07-25,2020-07-01,2031-11-08
LOAN-1150,Pakistan,South Asia,Climate,Disbursing,2014-05-03,85758408.55,0.0,39383831.44,6119882.22,50171020.56,2014-01-25,2015-05-31,2016-08-11
LOAN-1151,Jordan,Europe & Central Asia,Infrastructure,Disbursing&Repaying,2007-10-23,177765558.25,0.0,113763796.39,16126555.6,103490280.51,2007-06-05,2008-03-15,2011-05-09
LOAN-1152,Pakistan,Latin America,Health,Fully Repaid,2005-10-27,145858029.65,0.0,115988864.98,37673980.42,69896342.74,2005-09-25,2005-12-29,2013-07-30
LOAN-1153,Bangladesh,East Asia,Education,Effective,2003-04-30,317788914.62,0.0,317788914.62,235483320.72,33467314.99,2002-12-22,2004-05-12,2015-10-02
LOAN-1154,Ghana,Latin America,Health,Repaying,2019-05-29,527386290.23,0.0,527386290.23,303676692.23,98342962.17,2019-05-05,2019-08-30,2031-11-06
LOAN-1155,Morocco,Africa,Investment,Cancelled,2012-09-27,102970962.53,36077234.44,67768135.51,43263104.47,31871295.51,2012-04-08,2013-08-05,2019-09-19
LOAN-1156,Morocco,Africa,Agriculture,Cancelled,2006-12-01,370584825.59,220586809.32,175932450.13,101493439.73,183015663.4,2006-05-21,2007-11-05,2015-04-23
LOAN-1157,Brazil,South Asia,Health,Repaying,2018-09-08,53327598.66,0.0,53327598.66,37005094.3,13251477.96,2018-03-19,2018-10-23,2030-09-04
LOAN-1158,Jordan,Africa,Education,Fully Repaid,2013-05-05,386934837.13,0.0,248286523.97,54719896.71,253640423.47,2013-04-07,2014-05-22,2015-07-04
LOAN-1159,Mexico,East Asia,Climate,Disbursing&Repaying,2014-04-28,252294939.0,0.0,194659100.29,59599421.35,39799909.7,2014-01-20,2014-12-18,2018-01-28
LOAN-1160,Ghana,Europe & Central Asia,Investment,Repaying,2006-04-27,339182473.37,0.0,222263801.86,93311969.59,85000401.74,2006-04-05,2006-10-22,2015-10-03
LOAN-1161,Colombia,Latin America,Agriculture,Disbursing&Repaying,2014-01-10,577798082.08,0.0,577798082.08,423023345.54,433529788.76,2013-11-21,2014-10-22,2026-05-23
LOAN-1162,Egypt,East Asia,Agriculture,Fully Repaid,2010-10-19,528050019.84,0.0,421329113.98,34146274.89,182141158.33,2010-05-13,2011-05-17,2012-09-16
LOAN-1163,Brazil,Africa,Investment,Cancelled,2000-05-13,299462051.1,137320318.43,299462051.1,176333447.34,120665280.8,2000-02-26,2000-12-16,2010-03-25
LOAN-1164,Ghana,South Asia,Health,Disbursing,2017-04-30,243346064.5,0.0,208359060.76,36502376.29,113135769.72,2016-12-26,2018-03-07,2024-06-03
LOAN-1165,Indonesia,Latin America,Agriculture,Effective,2006-06-21,585174275.17,0.0,418471565.74,299377698.98,178076709.72,2006-01-08,2007-04-07,2016-04-17
LOAN-1166,Peru,South Asia,Health,Fully Repaid,2006-09-06,31955494.72,0.0,16285449.98,4881345.97,12951821.26,2006-04-18,2006-12-16,2014-11-09
LOAN-1167,Vietnam,Latin America,Health,Cancelled,2022-11-12,238807979.78,117949169.59,213303380.67,161756855.7,118280038.16,2022-06-11,2023-05-14,2034-05-03
LOAN-1168,India,Africa,Health,Disbursing&Repaying,2001-03-12,202087558.18,0.0,98554802.36,36946839.53,56737774.5,2000-11-01,2001-08-24,2007-02-13
LOAN-1169,Brazil,Europe & Central Asia,Climate,Fully Repaid,2006-08-18,290867026.31,0.0,238332330.27,154693067.11,183523887.48,2006-06-07,2006-10-03,2020-04-16
LOAN-1170,Indonesia,Latin America,Health,Fully Repaid,2022-07-05,16267733.67,0.0,10589546.09,1443229.46,9238042.44,2022-02-25,2022-09-04,2026-06-05
LOAN-1171,Peru,Latin America,Health,Repaying,2020-08-14,338727629.88,0.0,338727629.88,145833722.45,112667103.98,2020-05-09,2021-06-19,2029-05-21
LOAN-1172,Nigeria,Europe & Central Asia,Climate,Effective,2012-12-18,293087160.51,0.0,293087160.51,73595873.11,80269061.7,2012-10-16,2014-01-05,2024-10-01
LOAN-1173,Vietnam,East Asia,Education,Disbursing,2024-05-13,212537888.65,0.0,212537888.65,152148397.49,54216960.06,2024-01-23,2024-12-05,2028-06-20
LOAN-1174,Nepal,South Asia,Agriculture,Effective,2021-06-28,176140053.26,0.0,171087128.84,53332505.24,67247116.59,2021-04-28,2022-04-29,2028-05-23
LOAN-1175,Jordan,Africa,Agriculture,Disbursing&Repaying,2023-10-27,86677408.11,0.0,77363194.9,40859174.01,20095596.16,2023-05-07,2024-03-24,2025-10-26
LOAN-1176,Indonesia,East Asia,Education,Cancelled,2007-01-31,201524705.97,119249358.65,156770729.16,96111867.99,30853488.04,2006-09-22,2007-11-01,2012-05-17
LOAN-1177,Nepal,Africa,Climate,Repaying,2024-01-02,174822128.07,0.0,78203194.61,54105075.25,94268295.55,2023-06-21,2024-02-20,2028-10-01
LOAN-1178,Colombia,Latin America,Investment,Repaying,2012-12-25,560683953.29,0.0,240573717.57,181051660.81,359381858.41,2012-12-13,2013-06-25,2026-07-17
LOAN-1179,Indonesia,Africa,Education,Repaying,2022-08-14,174314183.15,0.0,174314183.15,85234482.0,73287664.23,2022-05-27,2022-12-20,2025-12-18
LOAN-1180,Vietnam,Latin America,Health,Effective,2013-03-26,440015944.12,0.0,404211085.94,261418813.24,26648750.18,2012-09-25,2013-08-01,2017-12-27
LOAN-1181,Bangladesh,East Asia,Infrastructure,Repaying,2021-06-01,311591992.08,0.0,146258232.43,88095760.35,58761856.5,2021-03-20,2021-07-04,2028-02-01
LOAN-1182,Bangladesh,Latin America,Infrastructure,Cancelled,2000-07-06,270807635.47,160374995.29,166166336.09,49295366.04,131841495.94,2000-01-01,2000-12-03,2002-09-22
LOAN-1183,Indonesia,East Asia,Climate,Disbursing&Repaying,2013-12-13,187549773.49,0.0,135848544.54,61440007.16,135286924.31,2013-11-03,2014-12-05,2021-05-21
LOAN-1184,Ghana,Europe & Central Asia,Education,Cancelled,2016-10-04,136405297.78,84730119.88,136405297.78,58703889.98,53366390.9,2016-05-27,2017-08-05,2022-06-24
LOAN-1185,Philippines,Europe & Central Asia,Investment,Disbursing,2005-01-12,524515359.8,0.0,244159930.53,98170159.63,303077874.75,2004-08-15,2005-10-27,2010-05-22
LOAN-1186,Jordan,Latin America,Investment,Disbursing&Repaying,2021-12-04,102899608.17,0.0,102899608.17,40918697.77,57646565.47,2021-07-17,2022-08-19,2023-12-29
LOAN-1187,Egypt,Latin America,Education,Effective,2000-12-22,310382466.7,0.0,237578776.82,12345330.41,123154712.65,2000-10-08,2001-01-22,2006-09-07
LOAN-1188,Kenya,South Asia,Investment,Disbursing,2021-03-05,257099943.94,0.0,246895107.9,120249559.56,24473786.77,2020-12-12,2021-10-30,2026-01-12
LOAN-1189,Morocco,East Asia,Investment,Fully Repaid,2016-11-06,227804247.78,0.0,227804247.78,91960797.7,168082245.02,2016-05-06,2017-11-09,2029-10-06
LOAN-1190,Morocco,Africa,Investment,Repaying,2000-02-26,75586734.53,0.0,75586734.53,26739016.61,10998649.59,1999-12-02,2000-11-19,2013-03-09
LOAN-1191,Colombia,Europe & Central Asia,Investment,Repaying,2005-01-22,230669498.48,0.0,134648995.48,55820457.94,38369801.94,2004-07-27,2005-09-23,2006-03-26
LOAN-1192,Philippines,Latin America,Climate,Disbursing,2010-12-23,45038087.22,0.0,39415321.54,15836956.36,24951898.74,2010-12-02,2011-08-15,2021-08-22
LOAN-1193,Philippines,Europe & Central Asia,Climate,Effective,2010-07-03,134275180.06,0.0,134275180.06,6821129.67,57459288.39,2010-01-27,2011-01-12,2018-07-07
LOAN-1194,Philippines,Africa,Health,Effective,2002-09-25,526373701.69,0.0,526373701.69,246935562.25,189584097.64,2002-04-17,2003-01-22,2013-02-18
LOAN-1195,Jordan,East Asia,Climate,Cancelled,2014-04-19,32896037.69,14796466.04,22222321.65,12866378.87,11048659.75,2014-03-02,2014-10-19,2023-07-24
LOAN-1196,Mexico,Europe & Central Asia,Health,Fully Repaid,2002-08-02,286743698.15,0.0,286743698.15,77610845.6,166507075.63,2002-04-09,2003-04-02,2015-11-27
LOAN-1197,Peru,Latin America,Investment,Fully Repaid,2016-08-23,236109334.04,0.0,142609215.27,42388691.72,25807417.23,2016-03-29,2017-09-27,2021-09-26
LOAN-1198,Brazil,Africa,Education,Cancelled,2009-09-25,229414945.1,74636356.29,202797203.91,7218120.07,23994106.78,2009-06-22,2010-03-29,2010-11-24
LOAN-1199,Pakistan,Latin America,Education,Repaying,2009-03-04,577436145.89,0.0,285168549.6,256541849.52,236281476.06,2008-12-23,2010-01-10,2017-03-16
LOAN-1200,Nepal,East Asia,Investment,Fully Repaid,2020-11-26,282419024.2,0.0,259536607.94,72042186.13,90298812.76,2020-05-16,2021-08-23,2028-11-27
LOAN-1201,Pakistan,Africa,Health,Disbursing,2011-09-12,191188601.23,0.0,83467658.53,64910824.64,115848684.14,2011-04-06,2012-08-03,2021-11-18
LOAN-1202,Nepal,Latin America,Infrastructure,Cancelled,2015-02-21,121734110.72,80103038.3,71094534.6,36458028.2,28521999.3,2014-10-09,2016-03-27,2026-12-18
LOAN-1203,Egypt,Latin America,Climate,Repaying,2024-04-26,440999481.03,0.0,300647398.38,37870350.75,202819959.55,2024-04-01,2025-02-18,2025-11-24
LOAN-1204,Kenya,South Asia,Investment,Disbursing&Repaying,2006-10-10,459781611.93,0.0,335600933.38,254482914.05,102795694.14,2006-08-06,2007-07-25,2017-10-27
LOAN-1205,Ghana,South Asia,Investment,Fully Repaid,2000-09-14,372611965.35,0.0,347797418.29,192981457.9,153666335.28,2000-04-21,2001-07-23,2010-10-01
LOAN-1206,India,South Asia,Agriculture,Disbursing&Repaying,2019-04-25,320003499.87,0.0,198335797.92,174482231.83,20114443.42,2019-03-19,2019-07-13,2031-11-23
LOAN-1207,Morocco,Latin America,Infrastructure,Fully Repaid,2003-07-18,119199573.91,0.0,97882492.88,71815695.11,29858724.73,2003-03-27,2004-04-08,2017-01-13
LOAN-1208,Philippines,Latin America,Investment,Disbursing&Repaying,2001-06-03,183484911.0,0.0,183484911.0,13312789.32,145642254.33,2001-02-10,2002-01-13,2010-09-13
LOAN-1209,Jordan,East Asia,Health,Fully Repaid,2014-11-10,38388388.78,0.0,15645577.03,2413255.44,16310988.19,2014-10-07,2015-09-06,2016-08-19
LOAN-1210,Philippines,Latin America,Health,Disbursing,2012-07-29,541257410.62,0.0,516267647.96,263351086.62,137112025.23,2012-02-26,2013-07-30,2014-02-18
LOAN-1211,Mexico,Africa,Infrastructure,Fully Repaid,2003-06-14,14316566.64,0.0,8099261.03,1051060.58,9527933.6,2003-04-24,2004-04-27,2009-08-30
LOAN-1212,Bangladesh,Europe & Central Asia,Health,Disbursing&Repaying,2003-07-08,202379254.57,0.0,202379254.57,25490787.24,160154536.94,2002-12-20,2004-01-31,2005-07-16
LOAN-1213,Indonesia,East Asia,Infrastructure,Cancelled,2017-10-17,143125682.61,31169252.12,65954403.79,35922189.29,73051194.58,2017-07-30,2018-07-04,2029-08-14
LOAN-1214,Philippines,Africa,Health,Fully Repaid,2003-11-05,334057446.35,0.0,233954325.39,39108755.19,163489832.47,2003-08-12,2004-04-09,2006-04-25
LOAN-1215,Kenya,Africa,Investment,Effective,2016-03-06,96761473.5,0.0,93794933.52,53511021.98,58515675.41,2016-02-02,2016-04-07,2023-11-30
LOAN-1216,Egypt,Africa,Education,Cancelled,2022-12-26,458001162.26,119985200.92,220658150.09,17336561.22,170941897.54,2022-11-24,2023-07-25,2036-03-27
LOAN-1217,Kenya,Europe & Central Asia,Climate,Fully Repaid,2003-10-19,360836059.69,0.0,237987353.58,82513577.21,97023589.19,2003-05-19,2004-03-21,2017-06-12
LOAN-1218,Peru,Latin America,Agriculture,Repaying,2002-11-02,412763015.12,0.0,221076447.2,53506484.14,103729449.91,2002-07-04,2003-04-22,2013-02-06
LOAN-1219,Nepal,East Asia,Education,Fully Repaid,2008-10-08,470686641.38,0.0,324255994.22,275552765.31,278022638.6,2008-09-01,2009-01-15,2016-06-03
LOAN-1220,India,East Asia,Climate,Effective,2019-04-26,202669243.11,0.0,181622802.28,131434758.24,60224439.81,2018-11-15,2019-08-03,2026-11-16
LOAN-1221,Vietnam,Europe & Central Asia,Climate,Effective,2013-01-27,568630958.6,0.0,318820683.09,90151315.49,439796792.36,2012-07-24,2014-01-16,2024-11-27
LOAN-1222,Philippines,Africa,Health,Cancelled,2008-12-17,228752904.88,182626930.2,228752904.88,80896547.12,30976773.11,2008-10-22,2009-12-31,2022-02-13
LOAN-1223,India,East Asia,Climate,Disbursing,2018-05-09,566070074.67,0.0,321368576.58,230715954.4,381226320.38,2017-12-23,2018-08-18,2025-12-18
LOAN-1224,Philippines,Africa,Health,Cancelled,2021-06-30,396904466.28,174829693.2,385866201.03,274030247.65,41863042.81,2021-02-11,2022-07-19,2031-09-12
LOAN-1225,Jordan,South Asia,Investment,Disbursing&Repaying,2003-10-24,475478945.64,0.0,326950541.67,263506234.96,215239566.39,2003-08-12,2004-10-24,2012-08-05
LOAN-1226,Mexico,Europe & Central Asia,Investment,Effective,2019-04-23,31356532.65,0.0,31356532.65,19118852.66,10965796.81,2019-04-11,2019-07-12,2025-12-06
LOAN-1227,Philippines,Europe & Central Asia,Education,Effective,2017-07-18,449377551.44,0.0,380350792.7,235398332.7,96963902.87,2017-01-16,2018-06-14,2029-08-03
LOAN-1228,Morocco,Africa,Climate,Disbursing,2005-03-16,598633121.62,0.0,470655457.72,125142108.28,443234343.78,2005-01-29,2005-10-10,2013-01-08
LOAN-1229,Vietnam,East Asia,Infrastructure,Disbursing&Repaying,2020-04-17,471640648.53,0.0,385279408.44,120773639.02,58114274.71,2020-03-21,2020-10-17,2022-02-12
LOAN-1230,Indonesia,South Asia,Health,Disbursing&Repaying,2010-12-10,510262104.79,0.0,468612436.98,285584321.66,88410854.25,2010-10-17,2011-10-18,2015-05-09
LOAN-1231,Vietnam,Europe & Central Asia,Education,Repaying,2019-05-21,258689783.25,0.0,199098865.19,142949044.93,135118909.46,2019-05-04,2020-04-29,2024-08-18
LOAN-1232,Egypt,Europe & Central Asia,Health,Disbursing&Repaying,2002-10-22,260583940.46,0.0,105161264.04,20329406.93,67428341.58,2002-09-16,2003-08-22,2007-10-27
LOAN-1233,Ghana,Africa,Health,Disbursing&Repaying,2014-01-21,122259193.71,0.0,60049311.76,36247643.24,50995897.12,2013-10-04,2014-12-29,2023-09-06
LOAN-1234,Indonesia,Africa,Climate,Effective,2003-10-20,214431030.03,0.0,164316025.69,25514131.73,119050316.67,2003-09-06,2004-04-27,2007-04-07
LOAN-1235,Philippines,Africa,Health,Cancelled,2006-03-08,74584597.86,32088231.54,52108145.69,6629338.41,25459262.44,2006-01-10,2006-12-12,2019-01-21
LOAN-1236,Mexico,Europe & Central Asia,Infrastructure,Cancelled,2002-05-28,104284986.68,80414692.41,65810899.12,11081813.19,71069061.96,2002-01-14,2002-09-04,2007-08-08
LOAN-1237,Bangladesh,Europe & Central Asia,Agriculture,Fully Repaid,2021-12-02,305735621.74,0.0,243358180.04,149963882.06,110591553.24,2021-11-01,2022-10-17,2023-06-07
LOAN-1238,Philippines,Africa,Health,Cancelled,2022-03-21,24453576.68,12385335.26,14180011.26,3684013.42,15541596.55,2021-10-16,2022-06-17,2029-01-17
LOAN-1239,Jordan,Africa,Investment,Repaying,2019-01-26,327515810.57,0.0,327515810.57,224022032.07,124791690.37,2018-07-12,2020-01-25,2025-06-10
LOAN-1240,Nepal,South Asia,Agriculture,Disbursing,2010-08-18,272590743.98,0.0,185051383.55,136023079.2,103394330.92,2010-02-01,2011-07-15,2019-04-25
LOAN-1241,Colombia,Latin America,Health,Cancelled,2015-09-26,371609963.87,136994388.98,371609963.87,272084223.53,243062782.67,2015-05-02,2016-01-20,2023-10-25
LOAN-1242,Nepal,Africa,Education,Disbursing,2006-01-30,345777669.99,0.0,345777669.99,160085894.47,250729082.23,2006-01-05,2006-07-20,2009-09-30
LOAN-1243,Morocco,Latin America,Agriculture,Fully Repaid,2021-12-15,92014848.84,0.0,60516083.72,13482939.04,62815477.12,2021-07-11,2022-12-03,2028-10-20
LOAN-1244,Colombia,East Asia,Climate,Cancelled,2012-06-24,273935074.92,208684197.12,248432325.03,196786368.24,32823198.73,2012-03-12,2013-03-13,2024-03-31
LOAN-1245,Vietnam,Europe & Central Asia,Investment,Fully Repaid,2016-01-26,6471485.66,0.0,6471485.66,4267631.73,3871235.95,2015-09-02,2016-09-15,2021-10-10
LOAN-1246,Colombia,Latin America,Infrastructure,Repaying,2021-10-08,299355393.8,0.0,197063296.72,50297207.84,137848040.34,2021-04-07,2021-12-01,2023-08-15
LOAN-1247,Indonesia,East Asia,Climate,Fully Repaid,2009-01-27,14687404.66,0.0,14687404.66,2088331.03,5763170.18,2008-12-15,2010-01-24,2016-08-30
LOAN-1248,Mexico,Africa,Investment,Disbursing&Repaying,2007-06-04,60537290.79,0.0,41670741.61,3091072.17,33197536.9,2007-02-13,2008-05-19,2015-02-04
LOAN-1249,Philippines,East Asia,Health,Repaying,2010-02-22,395013710.89,0.0,380381783.58,371889.12,161009575.95,2009-08-22,2010-11-06,2011-03-05
LOAN-1250,India,Africa,Education,Disbursing,2010-04-09,491179871.01,0.0,491179871.01,186688893.17,73250323.8,2010-03-08,2010-06-30,2013-05-28
LOAN-1251,Vietnam,Africa,Investment,Repaying,2006-05-29,529188452.01,0.0,269729172.17,187762370.37,325381230.72,2006-01-04,2007-04-12,2007-06-02
LOAN-1252,Mexico,East Asia,Agriculture,Cancelled,2019-11-05,213956692.7,53919829.5,122050388.88,82193852.22,158310963.05,2019-10-01,2020-02-14,2023-06-05
LOAN-1253,Bangladesh,Africa,Health,Disbursing,2011-02-17,578132982.78,0.0,376713148.14,47408283.57,148999752.37,2010-09-07,2012-01-20,2018-05-05
LOAN-1254,India,Africa,Agriculture,Disbursing&Repaying,2002-06-13,127240202.3,0.0,112676479.06,19130423.43,43746869.0,2002-01-28,2003-01-26,2005-10-18
LOAN-1255,Philippines,East Asia,Agriculture,Effective,2014-03-13,384658986.28,0.0,175715918.18,140546741.82,22714212.88,2013-11-24,2015-01-28,2024-06-15
LOAN-1256,Ghana,Europe & Central Asia,Investment,Disbursing,2003-01-11,411350519.16,0.0,411350519.16,353353257.41,258235690.19,2002-10-26,2003-05-31,2004-09-28
LOAN-1257,Brazil,East Asia,Investment,Disbursing&Repaying,2018-01-16,306433309.54,0.0,276665322.76,124760586.38,110798316.17,2017-07-27,2018-11-16,2030-12-03
LOAN-1258,Morocco,Africa,Infrastructure,Repaying,2024-01-23,54740258.9,0.0,25356632.17,21016397.61,42737638.13,2023-10-05,2024-12-18,2026-05-13
LOAN-1259,Nepal,East Asia,Education,Fully Repaid,2005-03-15,439325234.57,0.0,439325234.57,22895588.2,50372855.14,2004-09-30,2006-02-19,2007-04-04
LOAN-1260,Nepal,Latin America,Health,Effective,2023-06-17,76068589.11,0.0,73506635.98,46408388.9,13150317.27,2022-12-05,2023-11-26,2028-01-09
LOAN-1261,Ghana,Latin America,Education,Disbursing,2015-01-10,451116948.54,0.0,451116948.54,297575800.66,62498887.98,2014-10-23,2015-11-04,2017-04-12
LOAN-1262,Nigeria,Europe & Central Asia,Infrastructure,Cancelled,2007-06-27,378382035.57,111390369.63,301539475.89,138618810.2,34651974.49,2007-05-22,2008-05-15,2010-11-22
LOAN-1263,Philippines,Europe & Central Asia,Agriculture,Effective,2017-03-06,6528261.09,0.0,6528261.09,72197.77,551547.63,2017-01-10,2017-04-23,2030-05-26
LOAN-1264,Colombia,Latin America,Investment,Disbursing,2016-09-21,196472198.61,0.0,144015158.72,93359141.4,49794595.48,2016-05-06,2017-09-30,2018-09-22
LOAN-1265,Mexico,Latin America,Infrastructure,Fully Repaid,2012-08-30,483581121.58,0.0,483581121.58,415237310.94,49177699.14,2012-05-29,2012-11-12,2025-11-20
LOAN-1266,Egypt,South Asia,Infrastructure,Repaying,2020-10-22,224507018.7,0.0,142174923.05,100383527.93,135755350.85,2020-05-14,2021-07-31,2026-01-04
LOAN-1267,Jordan,Latin America,Infrastructure,Disbursing&Repaying,2000-06-06,94586994.19,0.0,94586994.19,2035439.32,43146699.22,2000-05-27,2001-06-07,2009-09-09
LOAN-1268,Nepal,South Asia,Investment,Repaying,2012-07-20,127090651.88,0.0,127090651.88,48019202.13,97972759.57,2012-06-29,2012-12-15,2025-01-10
LOAN-1269,Colombia,Africa,Investment,Disbursing&Repaying,2017-09-09,277782526.98,0.0,277315718.75,144951141.56,119188377.44,2017-04-01,2018-07-26,2019-11-28
LOAN-1270,Colombia,Latin America,Infrastructure,Disbursing&Repaying,2014-08-20,145879182.17,0.0,88810188.65,25178401.08,94910836.41,2014-04-17,2015-02-05,2020-09-10
LOAN-1271,Kenya,Latin America,Infrastructure,Fully Repaid,2020-11-26,85986548.62,0.0,85986548.62,8433178.08,11113186.38,2020-08-04,2021-02-25,2033-09-29
LOAN-1272,Ghana,Latin America,Climate,Disbursing&Repaying,2013-08-24,273890660.77,0.0,211081308.37,161948749.6,32268610.62,2013-02-17,2014-07-28,2015-05-16
LOAN-1273,Pakistan,Africa,Infrastructure,Disbursing,2013-05-28,93252659.43,0.0,90354918.71,78749733.29,32375770.42,2013-04-04,2013-07-12,2023-04-18
LOAN-1274,Egypt,Europe & Central Asia,Investment,Repaying,2005-06-12,450106676.09,0.0,270010939.24,112281058.44,293884805.51,2005-05-18,2005-11-02,2009-03-13
LOAN-1275,Pakistan,East Asia,Investment,Effective,2003-05-13,226482647.57,0.0,204794225.08,118824991.39,110238809.59,2003-04-17,2003-09-21,2014-02-16
LOAN-1276,Morocco,South Asia,Agriculture,Fully Repaid,2002-04-09,543521392.38,0.0,543521392.38,162184012.68,44580841.72,2001-11-04,2002-12-16,2011-12-13
LOAN-1277,Tanzania,South Asia,Education,Effective,2012-07-21,232724015.95,0.0,172525577.44,54957837.64,170174354.41,2012-06-03,2012-09-06,2018-11-20
LOAN-1278,Nepal,East Asia,Agriculture,Repaying,2018-10-21,250135362.75,0.0,210251512.32,11538847.32,64993169.22,2018-04-30,2019-08-16,2025-03-19
LOAN-1279,Jordan,South Asia,Health,Fully Repaid,2015-06-07,593695151.38,0.0,593695151.38,191882806.57,272142943.53,2015-01-20,2015-12-18,2024-12-17
LOAN-1280,Nigeria,Latin America,Education,Effective,2002-08-17,20507465.82,0.0,17999260.89,474696.57,13494261.64,2002-03-25,2003-03-18,2008-08-31
LOAN-1281,Mexico,South Asia,Agriculture,Disbursing&Repaying,2002-07-05,152474947.13,0.0,90405786.61,43423762.4,98106636.42,2002-01-29,2003-02-18,2011-04-15
LOAN-1282,Mexico,Latin America,Climate,Cancelled,2001-04-07,145747923.98,90412754.42,95377950.79,63359056.81,46506318.76,2000-11-03,2002-02-19,2005-04-10
LOAN-1283,Pakistan,East Asia,Investment,Cancelled,2009-10-24,327564137.9,168980219.79,177030536.16,6048667.31,30177168.07,2009-10-14,2010-05-11,2015-02-25
LOAN-1284,Morocco,Africa,Health,Disbursing,2006-08-17,431577891.45,0.0,431577891.45,327936911.23,126319227.23,2006-02-08,2006-11-27,2009-12-07
LOAN-1285,Peru,Africa,Infrastructure,Disbursing,2015-02-05,576532456.41,0.0,402922750.67,341570062.88,199881883.8,2014-11-05,2015-05-15,2019-06-14
LOAN-1286,Colombia,East Asia,Agriculture,Cancelled,2016-01-03,391262258.06,234490905.9,211032047.54,183992217.26,223086118.55,2015-11-10,2016-08-13,2023-09-16
LOAN-1287,Nepal,Latin America,Agriculture,Cancelled,2001-06-14,110736431.66,62171109.23,44453847.68,28086278.96,53112082.23,2000-12-30,2001-11-04,2014-12-15
LOAN-1288,Indonesia,East Asia,Climate,Repaying,2003-12-24,88682804.05,0.0,88352430.67,18924766.63,69774277.03,2003-06-26,2004-12-15,2012-04-30
LOAN-1289,Egypt,South Asia,Investment,Disbursing,2000-01-21,162801402.13,0.0,97621042.78,5956377.41,39478274.67,1999-10-05,2000-10-01,2010-04-15
LOAN-1290,Mexico,East Asia,Agriculture,Fully Repaid,2010-02-12,298383786.12,0.0,209754867.98,103078066.73,37617667.54,2009-10-10,2010-04-20,2011-09-08
LOAN-1291,Nepal,South Asia,Climate,Fully Repaid,2007-03-21,194636560.23,0.0,194636560.23,12997899.87,34563346.73,2007-02-20,2008-01-25,2010-02-15
LOAN-1292,Vietnam,Europe & Central Asia,Health,Disbursing&Repaying,2007-05-27,591239279.58,0.0,591239279.58,374877737.74,220823436.99,2007-01-26,2007-09-14,2009-06-03
LOAN-1293,Indonesia,Africa,Infrastructure,Disbursing&Repaying,2024-03-24,127302533.65,0.0,70269395.33,44092431.72,75303086.76,2023-09-27,2024-09-14,2031-09-20
LOAN-1294,Philippines,South Asia,Education,Effective,2000-03-03,34533088.61,0.0,29609217.39,22380691.15,5704605.54,2000-01-31,2000-08-30,2011-10-06
LOAN-1295,Pakistan,South Asia,Education,Disbursing,2013-10-31,20312737.18,0.0,10901150.4,2862972.61,2263896.63,2013-06-23,2014-08-07,2020-08-05
LOAN-1296,Kenya,Europe & Central Asia,Education,Disbursing,2011-10-23,235578634.63,0.0,164155060.78,56354542.09,44745147.62,2011-06-16,2012-04-04,2017-09-14
LOAN-1297,Nigeria,Europe & Central Asia,Education,Effective,2024-04-15,41675424.95,0.0,41675424.95,25035328.51,4762687.73,2023-11-07,2024-09-08,2037-07-11
LOAN-1298,Brazil,East Asia,Education,Fully Repaid,2010-07-27,491951102.84,0.0,361537649.9,174247759.79,344449654.71,2010-05-02,2010-10-05,2020-03-30
LOAN-1299,Brazil,Europe & Central Asia,Education,Repaying,2005-05-24,344875861.49,0.0,280540620.58,144292383.22,271440090.0,2005-03-31,2005-09-16,2010-12-19
LOAN-1300,Pakistan,Latin America,Health,Disbursing&Repaying,2006-08-19,30392160.88,0.0,14062295.34,8645680.89,6122180.47,2006-06-04,2007-02-28,2008-12-14
LOAN-1301,Kenya,East Asia,Education,Disbursing,2023-06-10,336036701.36,0.0,282823056.15,218045761.87,147777560.76,2023-05-03,2024-02-07,2027-08-13
LOAN-1302,Morocco,Europe & Central Asia,Infrastructure,Cancelled,2004-07-12,354820809.3,255643127.8,354820809.3,300066631.32,263878860.97,2004-04-05,2005-03-09,2011-04-10
LOAN-1303,Bangladesh,East Asia,Investment,Cancelled,2018-01-07,345353827.68,151083889.05,268836298.68,41664183.8,121644140.63,2017-10-05,2019-01-25,2024-03-02
LOAN-1304,Brazil,East Asia,Infrastructure,Effective,2013-12-12,552896814.83,0.0,552896814.83,10068029.69,366592396.68,2013-07-30,2015-01-02,2016-12-20
LOAN-1305,Philippines,Latin America,Health,Disbursing&Repaying,2018-09-11,183785866.27,0.0,182863061.51,127387494.1,53417589.28,2018-03-20,2018-11-25,2023-09-24
LOAN-1306,Egypt,Latin America,Health,Effective,2002-07-09,548492519.22,0.0,398060925.27,173560254.39,239897499.02,2002-05-20,2002-09-10,2010-04-26
LOAN-1307,Peru,East Asia,Investment,Repaying,2009-01-01,85711643.51,0.0,85711643.51,67832137.43,6146477.91,2008-10-20,2009-02-16,2020-01-23
LOAN-1308,Brazil,Africa,Climate,Disbursing&Repaying,2005-07-22,424257197.41,0.0,262692419.49,194695974.2,181940485.0,2005-07-05,2005-12-22,2014-09-24
LOAN-1309,Tanzania,Europe & Central Asia,Infrastructure,Effective,2007-05-03,270431542.4,0.0,270431542.4,115507818.38,125345098.45,2006-10-29,2007-07-18,2014-07-20
LOAN-1310,India,East Asia,Climate,Repaying,2010-02-05,34542370.49,0.0,34542370.49,24243463.3,7279422.56,2009-12-05,2010-07-22,2020-02-07
LOAN-1311,Peru,South Asia,Health,Repaying,2007-10-08,519454808.42,0.0,519454808.42,318934737.76,210676795.61,2007-09-26,2008-02-29,2014-04-01
LOAN-1312,Nepal,Africa,Climate,Fully Repaid,2013-07-21,257165046.39,0.0,180319080.28,56591029.89,61462197.14,2013-02-28,2014-07-05,2023-04-13
LOAN-1313,Indonesia,South Asia,Infrastructure,Disbursing&Repaying,2012-09-05,309350661.89,0.0,287660342.88,218321415.2,102293701.8,2012-03-04,2012-11-29,2024-04-21
LOAN-1314,Kenya,Africa,Agriculture,Disbursing&Repaying,2013-05-27,593074774.66,0.0,541166377.39,419589259.61,145813471.41,2013-04-09,2014-03-17,2019-08-12
LOAN-1315,Brazil,Europe & Central Asia,Infrastructure,Fully Repaid,2013-04-05,245438563.62,0.0,160926357.08,20266511.46,16957707.07,2012-12-09,2013-11-28,2022-10-15
LOAN-1316,Brazil,Europe & Central Asia,Climate,Repaying,2023-12-25,426301030.83,0.0,365610235.78,62491433.92,253611772.54,2023-08-16,2025-01-01,2032-11-03
LOAN-1317,Peru,Africa,Agriculture,Disbursing,2021-02-12,508024450.33,0.0,508024450.33,400752702.93,94417305.96,2020-07-28,2021-07-24,2034-06-23
LOAN-1318,Mexico,Africa,Infrastructure,Fully Repaid,2014-11-11,394388613.39,0.0,227878848.74,45802539.47,277481642.95,2014-08-27,2015-10-06,2022-04-11
LOAN-1319,Egypt,South Asia,Agriculture,Disbursing,2021-03-07,284969257.76,0.0,284969257.76,149670743.61,216071025.78,2020-10-20,2021-06-06,2030-07-24
LOAN-1320,Peru,Africa,Health,Effective,2018-05-10,250798816.14,0.0,250798816.14,34033551.33,199199690.83,2018-01-03,2018-08-21,2026-04-09
LOAN-1321,Mexico,South Asia,Infrastructure,Disbursing,2020-04-11,295110603.22,0.0,267023810.95,42494660.57,155191060.31,2020-02-08,2020-08-05,2024-08-25
LOAN-1322,Tanzania,South Asia,Investment,Fully Repaid,2017-03-12,81996544.75,0.0,61248887.81,23670781.16,30483780.53,2017-02-21,2018-01-09,2022-06-27
LOAN-1323,Ghana,South Asia,Agriculture,Disbursing,2011-02-28,535743803.36,0.0,535743803.36,256048253.99,33986030.13,2010-08-25,2011-09-22,2018-12-24
LOAN-1324,Morocco,South Asia,Education,Effective,2013-01-16,233212533.4,0.0,203113319.38,30531622.18,155758656.66,2012-07-04,2013-11-08,2025-08-14
LOAN-1325,Vietnam,East Asia,Agriculture,Effective,2008-06-14,533344556.08,0.0,533344556.08,164515224.61,387228325.27,2008-02-22,2008-07-23,2014-05-25
LOAN-1326,Philippines,Latin America,Education,Disbursing&Repaying,2001-09-04,130658186.35,0.0,54553793.25,24776707.14,18602000.19,2001-03-15,2002-02-11,2014-06-28
LOAN-1327,Brazil,Europe & Central Asia,Education,Disbursing&Repaying,2005-03-12,596834739.03,0.0,554803209.18,326341270.89,38678666.0,2004-11-09,2005-10-22,2008-10-14
LOAN-1328,Jordan,Africa,Climate,Effective,2018-11-17,287265821.31,0.0,150096873.81,93911535.25,150163469.67,2018-10-13,2019-11-21,2031-05-15
LOAN-1329,Nigeria,Europe & Central Asia,Infrastructure,Disbursing&Repaying,2005-04-12,365352430.47,0.0,186231393.38,139224252.19,47015625.11,2005-03-04,2005-07-05,2017-04-06
LOAN-1330,Pakistan,Europe & Central Asia,Infrastructure,Disbursing&Repaying,2018-05-19,123850884.76,0.0,75597977.21,35593908.77,24925596.5,2018-03-29,2018-07-08,2031-06-30
LOAN-1331,Tanzania,Latin America,Health,Disbursing,2004-12-14,414481329.7,0.0,325173515.99,68629411.67,24687358.08,2004-06-16,2005-09-22,2009-02-12
LOAN-1332,Kenya,Europe & Central Asia,Infrastructure,Fully Repaid,2013-04-12,49653687.11,0.0,48604057.75,39578354.49,26477957.44,2012-12-05,2013-06-06,2016-05-03
LOAN-1333,Mexico,South Asia,Investment,Disbursing,2004-04-05,512087968.01,0.0,352404463.5,214645991.96,189214663.11,2004-03-24,2004-07-14,2008-11-26
LOAN-1334,Vietnam,Africa,Agriculture,Effective,2015-05-17,537243932.34,0.0,537243932.34,129732836.74,322239425.84,2015-04-08,2016-01-07,2025-03-03
LOAN-1335,Egypt,Africa,Agriculture,Repaying,2005-01-26,502246465.49,0.0,478099432.26,205783801.4,183975324.3,2004-07-22,2005-03-27,2009-06-19
LOAN-1336,Indonesia,East Asia,Infrastructure,Cancelled,2017-01-12,547179922.96,310149816.25,430159959.21,220263014.79,207174413.56,2016-07-11,2017-04-18,2028-09-08
LOAN-1337,Tanzania,South Asia,Climate,Disbursing,2023-07-17,533118387.2,0.0,401198404.47,22869288.72,288539758.88,2023-02-10,2024-08-20,2037-01-12
LOAN-1338,Philippines,Africa,Education,Disbursing&Repaying,2011-02-24,313864309.01,0.0,298357313.89,166010518.96,117584847.41,2010-11-18,2012-02-28,2020-08-07
LOAN-1339,Morocco,Europe & Central Asia,Education,Cancelled,2021-01-18,535776819.57,386643010.07,477018823.54,4999338.85,402249751.93,2020-12-20,2021-10-26,2029-01-22
LOAN-1340,Philippines,Africa,Investment,Fully Repaid,2010-07-17,582236304.03,0.0,256347332.76,51381200.88,310033836.98,2010-03-12,2011-03-31,2024-03-19
LOAN-1341,Egypt,South Asia,Investment,Disbursing&Repaying,2000-10-18,514670588.39,0.0,389942485.21,41659960.41,217721104.69,2000-06-27,2001-06-16,2002-06-03
LOAN-1342,Jordan,Europe & Central Asia,Health,Effective,2022-10-20,5100980.71,0.0,2411317.43,1311233.3,2623432.42,2022-08-19,2023-10-20,2033-11-08
LOAN-1343,Vietnam,Africa,Climate,Cancelled,2021-03-22,496060039.42,294808642.08,496060039.42,376948928.13,148311767.26,2020-09-10,2021-12-08,2024-08-07
LOAN-1344,Indonesia,Latin America,Infrastructure,Cancelled,2023-06-01,6307183.94,3918386.16,4314815.06,2460717.73,4099256.67,2023-05-11,2023-09-23,2035-04-12
LOAN-1345,Morocco,East Asia,Education,Fully Repaid,2009-09-02,68642095.78,0.0,61000954.67,10296293.83,51321099.96,2009-07-06,2010-10-03,2018-01-26
LOAN-1346,Indonesia,East Asia,Climate,Fully Repaid,2020-07-07,32667715.34,0.0,29616301.6,17915718.11,4652352.84,2020-01-29,2021-04-21,2024-05-09
LOAN-1347,Tanzania,South Asia,Agriculture,Fully Repaid,2022-10-20,320566786.77,0.0,140683069.55,118423835.93,217700778.31,2022-04-16,2023-09-11,2027-07-08
LOAN-1348,Morocco,South Asia,Health,Fully Repaid,2018-10-12,235506319.64,0.0,207348434.55,164723044.94,100816155.16,2018-04-08,2019-03-18,2025-09-26
LOAN-1349,Bangladesh,Africa,Infrastructure,Disbursing&Repaying,2022-12-24,582442531.7,0.0,443982292.29,53293258.14,209422515.18,2022-06-18,2023-10-30,2030-11-03
LOAN-1350,Jordan,Latin America,Climate,Disbursing&Repaying,2005-12-13,124529003.98,0.0,111993176.16,29288628.56,38475749.48,2005-06-20,2006-04-13,2018-01-26
LOAN-1351,Jordan,Africa,Climate,Disbursing&Repaying,2018-09-22,427659872.65,0.0,427659872.65,216418215.26,208315135.39,2018-04-29,2019-03-17,2029-01-07
LOAN-1352,India,Europe & Central Asia,Infrastructure,Effective,2007-03-21,68349927.18,0.0,48165937.43,2300332.9,6319195.51,2006-09-18,2007-08-26,2011-04-28
LOAN-1353,Brazil,Africa,Climate,Cancelled,2010-01-23,126380537.48,74346089.41,105267110.41,33981717.36,49218379.43,2009-10-06,2010-06-23,2022-05-05
LOAN-1354,Nepal,South Asia,Investment,Effective,2002-05-31,556258462.65,0.0,394967827.49,340079848.79,434920158.52,2001-11-12,2002-11-05,2007-10-15
LOAN-1355,Egypt,Latin America,Climate,Cancelled,2008-10-23,547334394.36,426140270.67,527467937.48,307444786.79,337339033.6,2008-07-30,2009-07-09,2013-08-11
LOAN-1356,Kenya,Latin America,Agriculture,Effective,2011-11-08,577672773.14,0.0,570777433.39,61312015.86,46488606.19,2011-09-18,2012-10-02,2018-05-24
LOAN-1357,India,Africa,Climate,Cancelled,2002-04-13,282467146.23,160826964.81,282467146.23,10153713.86,210853583.63,2001-10-16,2002-10-14,2014-02-07
LOAN-1358,Jordan,Africa,Health,Cancelled,2003-01-22,48364073.31,14297498.37,46726719.66,22094989.21,37131071.76,2002-08-26,2003-11-22,2012-12-04
LOAN-1359,Kenya,Africa,Education,Repaying,2023-10-18,136612858.26,0.0,77962642.37,23287064.2,43797859.47,2023-05-18,2024-10-14,2024-10-24
LOAN-1360,Indonesia,Africa,Education,Disbursing,2014-05-25,270172011.54,0.0,270172011.54,149224373.89,139367900.71,2014-04-16,2015-01-07,2020-12-20
LOAN-1361,Jordan,Africa,Education,Cancelled,2019-12-27,19699909.18,4458306.08,16025763.0,11112983.46,8583876.82,2019-07-04,2020-05-03,2027-12-29
LOAN-1362,Peru,South Asia,Agriculture,Disbursing,2002-12-08,569186032.69,0.0,303897442.96,261548904.52,258115121.43,2002-06-10,2003-11-25,2008-07-15
LOAN-1363,Colombia,South Asia,Climate,Fully Repaid,2003-03-27,127319842.95,0.0,127319842.95,100681158.92,77159806.9,2002-09-23,2003-07-13,2004-08-02
LOAN-1364,Egypt,Africa,Infrastructure,Disbursing,2010-03-18,27542357.27,0.0,12630881.62,2023378.15,6580722.99,2009-11-24,2010-11-01,2021-02-23
LOAN-1365,Bangladesh,East Asia,Climate,Disbursing&Repaying,2002-11-02,193260526.32,0.0,137524479.22,14642944.43,10518048.69,2002-05-27,2002-12-25,2005-04-14
LOAN-1366,Ghana,Europe & Central Asia,Education,Fully Repaid,2017-02-09,68150647.41,0.0,68150647.41,18483521.38,7829072.5,2016-08-14,2017-03-26,2028-07-23
LOAN-1367,Mexico,Europe & Central Asia,Infrastructure,Effective,2006-06-18,135820106.65,0.0,135467399.39,97142777.12,93322073.86,2005-12-17,2007-06-14,2015-08-26
LOAN-1368,India,Europe & Central Asia,Health,Fully Repaid,2024-02-04,525486321.94,0.0,269626555.16,10136833.17,251991157.07,2024-01-04,2024-08-08,2029-08-16
LOAN-1369,Ghana,Latin America,Agriculture,Repaying,2011-05-03,250529425.14,0.0,229671648.67,105946940.15,42769323.26,2011-03-25,2011-09-02,2024-11-17
LOAN-1370,Brazil,Europe & Central Asia,Climate,Disbursing,2008-11-08,279452796.2,0.0,234665368.19,61385503.72,28091173.0,2008-06-03,2009-08-14,2017-02-04
LOAN-1371,Ghana,Latin America,Education,Repaying,2014-04-03,404420861.64,0.0,237648326.07,60986128.45,41395170.06,2013-11-29,2014-10-18,2021-12-06
LOAN-1372,Morocco,Europe & Central Asia,Agriculture,Effective,2011-01-16,342282826.32,0.0,342282826.32,295319236.75,60405947.63,2010-07-08,2012-01-09,2021-08-23
LOAN-1373,Nigeria,Africa,Education,Effective,2013-09-13,84911970.27,0.0,83755319.5,66174847.32,33721624.17,2013-04-15,2013-12-07,2018-06-18
LOAN-1374,Kenya,Africa,Climate,Disbursing&Repaying,2003-06-06,515934624.95,0.0,264159216.73,128052826.91,127655634.29,2003-05-08,2003-07-15,2015-08-16
LOAN-1375,India,Europe & Central Asia,Health,Effective,2024-05-18,349445968.43,0.0,349445968.43,66913527.62,27079348.05,2024-01-09,2025-05-17,2028-07-13
LOAN-1376,Ghana,East Asia,Health,Fully Repaid,2022-06-24,137867455.34,0.0,137867455.34,90979305.17,36982858.06,2022-05-22,2023-02-12,2031-06-17
LOAN-1377,Peru,South Asia,Agriculture,Repaying,2023-01-23,399293701.18,0.0,399293701.18,289841728.03,203850208.36,2022-09-21,2023-05-14,2027-11-25
LOAN-1378,Morocco,East Asia,Agriculture,Effective,2016-07-27,563809278.67,0.0,243754969.84,167051408.85,126187525.11,2016-07-07,2017-08-03,2022-01-10
LOAN-1379,Peru,Africa,Investment,Disbursing&Repaying,2014-07-15,235915400.42,0.0,235915400.42,187174519.8,18856369.73,2014-01-06,2015-05-07,2021-06-28
LOAN-1380,Nigeria,Europe & Central Asia,Health,Disbursing&Repaying,2003-06-29,328888286.94,0.0,177297049.43,104305233.87,106550788.0,2003-04-16,2004-02-06,2009-04-23
LOAN-1381,Peru,East Asia,Health,Cancelled,2000-04-18,214974314.62,156763687.06,214974314.62,94196457.67,88479680.31,1999-12-18,2000-08-10,2006-04-11
LOAN-1382,Kenya,Europe & Central Asia,Climate,Disbursing&Repaying,2005-04-22,387868816.42,0.0,220780237.64,37138571.57,124764679.31,2005-02-13,2005-12-20,2013-07-14
LOAN-1383,Indonesia,East Asia,Agriculture,Fully Repaid,2001-01-02,406761508.66,0.0,318582500.33,169394077.55,217798182.36,2000-12-12,2001-04-07,2014-09-09
LOAN-1384,Mexico,Latin America,Health,Effective,2008-01-28,379576552.81,0.0,163731367.95,84328591.68,34895991.99,2007-10-07,2008-12-29,2021-07-15
LOAN-1385,India,Africa,Agriculture,Fully Repaid,2007-08-26,568616051.83,0.0,325973216.04,177940077.8,229470745.73,2007-05-03,2008-07-28,2011-09-03
LOAN-1386,Mexico,Europe & Central Asia,Agriculture,Fully Repaid,2003-02-01,397491006.28,0.0,243112081.43,158452703.84,122031112.63,2002-10-18,2003-09-16,2006-11-15
LOAN-1387,Indonesia,South Asia,Agriculture,Repaying,2004-04-26,125397386.71,0.0,125397386.71,56920829.88,45750767.49,2003-12-17,2005-04-05,2006-01-05
LOAN-1388,Jordan,Europe & Central Asia,Climate,Cancelled,2000-01-20,452667974.87,266865443.82,214814480.42,127482373.05,328858108.29,1999-08-30,2000-09-21,2009-03-07
LOAN-1389,Brazil,Europe & Central Asia,Education,Effective,2004-05-19,260228977.36,0.0,260228977.36,112916242.62,163034431.2,2004-04-05,2004-10-26,2015-11-26
LOAN-1390,Philippines,South Asia,Health,Disbursing&Repaying,2000-04-26,173543667.47,0.0,173543667.47,63826243.05,33279733.33,1999-12-05,2000-07-25,2012-10-17
LOAN-1391,India,East Asia,Climate,Repaying,2019-02-10,394454941.88,0.0,374816367.3,106564619.79,126897078.75,2018-09-04,2019-07-19,2025-10-16
LOAN-1392,Jordan,East Asia,Health,Repaying,2018-07-15,340978791.4,0.0,303302183.54,270733233.16,118691515.89,2018-02-13,2019-04-18,2023-05-14
LOAN-1393,Ghana,Europe & Central Asia,Climate,Disbursing&Repaying,2017-11-09,335172257.0,0.0,202116283.76,55781624.05,103322622.62,2017-09-25,2018-11-11,2021-05-07
LOAN-1394,Philippines,East Asia,Agriculture,Effective,2002-05-02,470950009.91,0.0,470950009.91,42503594.34,203100797.99,2002-01-13,2003-04-22,2003-04-10
LOAN-1395,Kenya,Latin America,Health,Effective,2003-08-04,285642852.75,0.0,251421797.37,19944441.48,70644904.26,2003-07-16,2004-09-07,2013-01-11
LOAN-1396,Bangladesh,Europe & Central Asia,Education,Repaying,2022-03-05,395424261.76,0.0,248791212.96,215745977.87,36812921.61,2022-02-21,2022-07-16,2034-08-13
LOAN-1397,Nepal,Latin America,Infrastructure,Repaying,2001-08-13,24997564.08,0.0,21988155.59,10207611.35,5593285.7,2001-06-03,2002-08-13,2002-06-11
LOAN-1398,Mexico,South Asia,Health,Cancelled,2008-12-25,598106200.58,125135727.55,598106200.58,190087060.54,207158471.35,2008-06-18,2009-02-28,2011-10-29
LOAN-1399,Jordan,Africa,Health,Effective,2010-02-24,437052532.28,0.0,370310718.01,194279509.11,135751277.23,2009-12-27,2010-11-13,2020-01-12
LOAN-1400,India,Africa,Health,Effective,2005-04-01,109145698.15,0.0,87861247.62,44173792.25,46646347.36,2005-01-16,2006-01-31,2011-09-06
LOAN-1401,Egypt,East Asia,Health,Fully Repaid,2020-08-31,340085319.26,0.0,340085319.26,231844989.58,262181650.05,2020-08-14,2021-06-03,2024-02-04
LOAN-1402,Nigeria,South Asia,Infrastructure,Effective,2018-07-02,232690581.32,0.0,232690581.32,46152801.76,134002335.01,2018-02-10,2019-05-02,2019-07-16
LOAN-1403,Nigeria,Latin America,Education,Cancelled,2008-01-03,175937301.82,68320618.33,126524344.58,85265934.86,53923843.24,2007-10-30,2008-11-21,2014-11-11
LOAN-1404,Mexico,Latin America,Agriculture,Repaying,2010-04-13,301904607.52,0.0,168986041.5,111849521.89,212708966.46,2010-01-30,2011-03-25,2019-02-01
LOAN-1405,Morocco,South Asia,Investment,Disbursing,2024-04-15,76327703.13,0.0,35323702.17,30385509.21,32019368.23,2023-12-04,2024-11-21,2032-03-07
LOAN-1406,Tanzania,Europe & Central Asia,Agriculture,Effective,2017-11-05,521917457.2,0.0,413694887.75,366515142.98,384655839.35,2017-06-01,2018-02-08,2019-11-18
LOAN-1407,Peru,East Asia,Education,Disbursing&Repaying,2007-11-03,289600445.58,0.0,241125488.63,109043622.94,99995469.5,2007-09-24,2008-11-24,2020-04-13
LOAN-1408,Egypt,Africa,Health,Effective,2016-03-21,415080276.69,0.0,169957102.67,32236978.37,201627803.05,2016-01-05,2016-07-24,2029-05-05
LOAN-1409,Nigeria,Latin America,Education,Fully Repaid,2009-06-11,165297896.57,0.0,165297896.57,51041810.86,31065302.45,2008-12-04,2010-01-17,2018-06-14
LOAN-1410,Bangladesh,Africa,Agriculture,Disbursing,2012-02-09,273183749.93,0.0,234153379.62,206369958.74,154214667.49,2011-09-10,2012-10-17,2021-06-21
LOAN-1411,Pakistan,Latin America,Agriculture,Fully Repaid,2022-05-30,481022287.65,0.0,476613050.33,202888609.68,27565808.75,2021-12-10,2023-03-20,2035-03-17
LOAN-1412,Vietnam,East Asia,Investment,Disbursing&Repaying,2007-04-30,183520338.38,0.0,155939206.51,79692897.92,64012155.8,2007-02-24,2007-10-07,2018-11-01
LOAN-1413,Indonesia,East Asia,Investment,Effective,2015-06-09,448032966.18,0.0,272321290.67,88307237.63,209732572.13,2015-02-14,2015-09-09,2024-02-18
LOAN-1414,Pakistan,Europe & Central Asia,Climate,Effective,2014-08-01,347657202.2,0.0,319602921.36,50204809.61,220842918.53,2014-03-14,2015-05-07,2025-06-05
LOAN-1415,Kenya,East Asia,Education,Disbursing&Repaying,2015-02-18,370129944.57,0.0,285370803.38,245685709.15,259532614.27,2014-08-31,2016-01-27,2028-10-09
LOAN-1416,Bangladesh,South Asia,Health,Disbursing&Repaying,2011-12-31,52071596.84,0.0,35143141.02,9915069.92,28106155.9,2011-07-09,2012-08-19,2018-11-26
LOAN-1417,Egypt,Africa,Climate,Disbursing,2005-08-10,449997821.59,0.0,367535069.78,148947185.49,78969478.85,2005-06-01,2006-08-13,2012-01-27
LOAN-1418,Kenya,Latin America,Investment,Cancelled,2002-05-31,104311726.7,69112800.94,50320754.21,2889073.49,73958916.08,2002-01-07,2002-08-11,2005-07-25
LOAN-1419,Nigeria,Europe & Central Asia,Education,Repaying,2012-09-29,97388245.39,0.0,89973702.39,71702219.49,27466211.11,2012-04-12,2013-01-01,2016-07-05
LOAN-1420,Peru,Latin America,Health,Fully Repaid,2020-12-15,21999919.35,0.0,20478389.71,15857071.14,6465798.02,2020-09-27,2021-10-21,2031-10-03
LOAN-1421,Morocco,Europe & Central Asia,Health,Cancelled,2019-07-06,110336800.79,64422558.11,96883143.28,55024080.8,58135175.17,2019-02-10,2020-01-10,2028-02-13
LOAN-1422,Tanzania,Europe & Central Asia,Investment,Repaying,2013-08-13,140141424.57,0.0,66096752.46,18314178.52,50332192.62,2013-08-03,2014-06-06,2017-06-29
LOAN-1423,Ghana,Africa,Investment,Fully Repaid,2013-06-09,284172783.37,0.0,115559910.52,95900807.26,216033303.08,2013-02-09,2013-12-05,2019-06-12
LOAN-1424,India,Europe & Central Asia,Education,Repaying,2017-06-25,227318106.53,0.0,165803257.13,83647564.62,78666626.79,2017-04-20,2017-12-06,2020-01-29
LOAN-1425,Colombia,Latin America,Climate,Effective,2012-10-08,312382986.81,0.0,312382986.81,172402482.9,178196819.06,2012-03-22,2013-08-06,2019-08-15
LOAN-1426,Colombia,Latin America,Infrastructure,Cancelled,2020-04-23,512821803.92,318094933.55,279962624.43,72968274.01,270600441.36,2019-12-10,2020-08-27,2028-04-27
LOAN-1427,India,Latin America,Climate,Effective,2005-08-10,34531082.97,0.0,28590928.76,4784515.76,4375264.89,2005-04-10,2005-09-13,2011-08-26
LOAN-1428,Kenya,Latin America,Education,Fully Repaid,2016-08-28,13761283.89,0.0,7895543.08,2986242.23,8797506.28,2016-02-22,2016-10-13,2024-11-19
LOAN-1429,Kenya,Latin America,Education,Repaying,2011-03-21,38342814.92,0.0,38342814.92,2463381.12,15437203.88,2011-03-08,2011-06-21,2017-08-15
LOAN-1430,Bangladesh,East Asia,Climate,Disbursing,2023-05-18,152061503.71,0.0,152061503.71,27258832.35,91463790.82,2023-03-16,2024-02-14,2032-12-03
LOAN-1431,Nepal,Africa,Education,Disbursing,2011-05-13,99373804.66,0.0,97643673.17,65445879.02,45929077.78,2010-11-21,2011-11-11,2016-08-21
LOAN-1432,Ghana,South Asia,Agriculture,Effective,2000-09-03,518876311.12,0.0,297954655.07,30282804.13,272244917.68,2000-06-15,2001-07-29,2004-03-06
LOAN-1433,Bangladesh,Latin America,Infrastructure,Cancelled,2006-12-14,10313264.25,6832312.74,4471776.67,3153173.67,4191857.29,2006-10-02,2007-04-03,2018-12-26
LOAN-1434,Kenya,Europe & Central Asia,Climate,Effective,2006-11-26,206361147.57,0.0,206361147.57,141069336.57,19612409.06,2006-07-02,2007-02-18,2010-07-18
LOAN-1435,Tanzania,Latin America,Investment,Fully Repaid,2008-08-27,193460037.63,0.0,163798813.11,95033021.71,60067079.0,2008-02-23,2009-04-07,2017-07-05
LOAN-1436,Morocco,Africa,Agriculture,Disbursing&Repaying,2021-12-25,539704511.34,0.0,425417605.04,167508183.58,146279323.51,2021-07-23,2022-04-29,2034-12-30
LOAN-1437,Ghana,Africa,Investment,Cancelled,2007-03-12,440779434.02,228624560.36,273397662.34,204560131.88,324349971.47,2006-11-07,2007-09-09,2013-12-02
LOAN-1438,Jordan,Africa,Health,Disbursing,2016-05-01,275176992.98,0.0,275176992.98,125305134.77,165173148.02,2016-02-20,2016-11-11,2018-07-28
LOAN-1439,Jordan,East Asia,Education,Effective,2014-06-21,117972324.21,0.0,111670165.5,76958687.86,19536055.91,2013-12-29,2015-01-01,2017-10-07
LOAN-1440,Indonesia,Europe & Central Asia,Investment,Disbursing,2009-01-23,397040162.94,0.0,172721130.62,145780016.64,73047091.85,2008-09-11,2009-05-31,2012-02-05
LOAN-1441,Brazil,Europe & Central Asia,Investment,Cancelled,2011-06-25,386842242.54,162401174.92,274998048.04,121251774.73,200375718.11,2011-01-11,2012-07-26,2013-11-21
LOAN-1442,India,Latin America,Infrastructure,Disbursing&Repaying,2002-09-21,395170870.33,0.0,395170870.33,295931581.12,158481047.82,2002-04-22,2003-05-21,2011-10-27
LOAN-1443,Brazil,Europe & Central Asia,Investment,Repaying,2023-04-21,163160302.53,0.0,70570505.51,4470593.3,45346883.73,2023-03-17,2023-09-16,2036-01-18
LOAN-1444,Bangladesh,Latin America,Climate,Cancelled,2018-08-16,119906071.48,31572288.92,110973214.36,56932022.43,91203856.4,2018-02-24,2019-07-07,2027-06-22
LOAN-1445,Egypt,East Asia,Health,Effective,2007-02-04,530280291.53,0.0,282876672.02,45926975.23,186217405.89,2006-08-25,2007-10-18,2015-10-26
LOAN-1446,Vietnam,Europe & Central Asia,Health,Fully Repaid,2014-07-05,594920479.42,0.0,392482894.12,131304195.04,370717721.86,2014-04-25,2015-05-19,2027-07-26
LOAN-1447,Pakistan,East Asia,Investment,Fully Repaid,2017-10-23,460596390.68,0.0,460596390.68,105329281.4,355229822.25,2017-04-11,2017-12-09,2025-01-04
LOAN-1448,India,Europe & Central Asia,Investment,Repaying,2014-02-15,85375997.06,0.0,85375997.06,504738.29,67301541.52,2013-08-13,2014-08-05,2027-05-13
LOAN-1449,Peru,Europe & Central Asia,Infrastructure,Repaying,2006-03-17,344547582.01,0.0,295377011.98,25065225.0,136191856.63,2005-12-04,2007-02-08,2012-08-18
LOAN-1450,Philippines,Africa,Climate,Disbursing&Repaying,2003-06-18,487589170.89,0.0,230885221.86,83076756.57,360041379.14,2003-03-17,2004-03-21,2008-02-28
LOAN-1451,Tanzania,Europe & Central Asia,Investment,Cancelled,2017-02-11,492611582.58,329100569.14,234626582.89,135621006.79,38437839.98,2016-11-08,2017-09-07,2027-09-04
LOAN-1452,Colombia,South Asia,Investment,Disbursing,2017-02-26,522522975.9,0.0,303781344.22,178471923.97,262163480.56,2016-11-30,2017-12-21,2018-11-25
LOAN-1453,Vietnam,Europe & Central Asia,Education,Disbursing&Repaying,2017-08-15,341123171.93,0.0,225641141.98,141700784.05,56250566.99,2017-03-06,2018-07-05,2029-10-05
LOAN-1454,Kenya,Latin America,Health,Fully Repaid,2002-03-18,262001723.74,0.0,262001723.74,34901553.7,79157567.77,2001-11-26,2002-08-29,2004-12-08
LOAN-1455,Bangladesh,Europe & Central Asia,Education,Repaying,2021-11-19,263522211.13,0.0,252532389.67,173194194.79,108226431.38,2021-05-27,2022-10-07,2027-02-07
LOAN-1456,Jordan,Europe & Central Asia,Climate,Fully Repaid,2014-07-04,598261866.33,0.0,490214711.85,106907780.58,149381691.32,2014-01-28,2014-09-17,2017-11-06
LOAN-1457,Colombia,East Asia,Infrastructure,Effective,2007-08-05,222334248.44,0.0,122815614.2,38081734.53,120406756.04,2007-02-19,2008-04-17,2011-09-07
LOAN-1458,Egypt,South Asia,Investment,Disbursing&Repaying,2003-11-06,554906858.11,0.0,325614726.11,200846751.42,92665790.07,2003-04-21,2004-01-02,2010-02-13
LOAN-1459,Morocco,Africa,Agriculture,Disbursing,2014-11-20,13171309.15,0.0,12579076.78,1259796.97,5104490.52,2014-05-05,2015-09-21,2020-06-16
LOAN-1460,Pakistan,Europe & Central Asia,Education,Repaying,2000-10-28,316343199.47,0.0,191997040.09,83465663.14,188996931.31,2000-05-22,2001-11-01,2013-06-17
LOAN-1461,Brazil,Africa,Climate,Disbursing,2020-11-08,106340189.99,0.0,66697719.13,47373365.29,54602878.3,2020-10-27,2021-01-11,2030-05-23
LOAN-1462,Nigeria,Africa,Health,Repaying,2017-01-28,519247952.77,0.0,215624285.62,168331281.37,278866453.2,2016-07-21,2017-04-18,2024-12-21
LOAN-1463,Tanzania,Europe & Central Asia,Investment,Disbursing&Repaying,2000-12-18,321278583.87,0.0,176424964.94,79494573.48,126419812.5,2000-10-06,2001-10-15,2008-08-15
LOAN-1464,Vietnam,East Asia,Agriculture,Disbursing&Repaying,2013-07-24,239072891.61,0.0,125657716.05,39218013.51,75053303.21,2013-03-08,2014-01-11,2015-10-09
LOAN-1465,Nigeria,East Asia,Agriculture,Effective,2010-02-12,534789241.22,0.0,534789241.22,14182240.93,249321158.13,2009-11-07,2010-10-01,2014-01-06
LOAN-1466,Kenya,East Asia,Health,Fully Repaid,2010-10-13,314827117.22,0.0,296691789.91,233031025.27,177843472.41,2010-08-25,2011-06-18,2018-08-11
LOAN-1467,Vietnam,East Asia,Infrastructure,Repaying,2006-03-12,327629081.97,0.0,185243389.66,23103347.0,149403897.08,2005-09-07,2007-04-07,2018-10-06
LOAN-1468,Morocco,East Asia,Investment,Repaying,2014-03-29,597433051.14,0.0,597433051.14,78046954.34,447938848.33,2013-10-28,2015-01-25,2017-09-18
LOAN-1469,Mexico,Africa,Infrastructure,Fully Repaid,2018-06-12,504515893.37,0.0,260541222.15,6913464.39,145812955.63,2018-02-09,2019-06-03,2025-05-28
LOAN-1470,Morocco,Latin America,Health,Effective,2010-05-11,68529002.54,0.0,37539995.52,25760047.61,34880316.47,2010-03-03,2010-10-06,2011-10-06
LOAN-1471,Ghana,South Asia,Agriculture,Disbursing&Repaying,2016-10-09,414444064.42,0.0,323797594.71,146386343.86,208686602.81,2016-06-22,2017-07-17,2028-03-21
LOAN-1472,Morocco,Latin America,Agriculture,Effective,2018-07-12,119989598.54,0.0,51089608.34,35153991.56,7350646.24,2017-12-24,2019-07-20,2023-11-24
LOAN-1473,Pakistan,South Asia,Education,Disbursing&Repaying,2014-07-29,110361530.09,0.0,110361530.09,43632168.41,56592787.94,2014-05-17,2015-04-03,2024-06-22
LOAN-1474,Brazil,Europe & Central Asia,Health,Disbursing&Repaying,2024-01-19,442522409.04,0.0,311668238.41,87768188.96,225079578.16,2023-07-29,2025-02-12,2025-09-25
LOAN-1475,Peru,South Asia,Education,Cancelled,2024-02-16,273707707.58,216310759.59,273707707.58,10448606.82,218111453.16,2024-01-27,2024-12-27,2033-08-20
LOAN-1476,Peru,South Asia,Agriculture,Effective,2020-09-10,117960952.28,0.0,88664535.83,70573230.51,74345805.48,2020-05-15,2021-03-09,2022-09-26
LOAN-1477,Peru,Latin America,Agriculture,Repaying,2024-07-05,280829477.08,0.0,257487269.72,20958620.97,119491072.93,2024-03-17,2025-03-03,2032-08-01
LOAN-1478,Egypt,South Asia,Infrastructure,Fully Repaid,2004-01-17,111432754.47,0.0,97197485.32,62339643.71,22448017.35,2003-10-17,2005-02-04,2008-07-17
LOAN-1479,Indonesia,South Asia,Health,Fully Repaid,2022-12-14,72928138.6,0.0,55390287.53,18093184.82,32297172.75,2022-10-25,2023-07-25,2036-02-12
LOAN-1480,Bangladesh,South Asia,Agriculture,Repaying,2007-04-10,462114892.65,0.0,462114892.65,235189872.09,251689839.04,2007-02-14,2008-05-08,2009-03-30
LOAN-1481,Colombia,Africa,Agriculture,Disbursing,2005-11-25,189163391.74,0.0,189163391.74,75974149.05,98334628.94,2005-11-15,2006-11-08,2012-05-25
LOAN-1482,India,East Asia,Agriculture,Fully Repaid,2010-09-02,301088426.4,0.0,240543696.48,174805294.94,152347115.12,2010-03-26,2011-09-04,2022-02-28
LOAN-1483,Egypt,East Asia,Investment,Effective,2009-04-24,267915840.09,0.0,236026689.24,1396268.02,190655850.48,2009-02-26,2009-08-07,2011-05-15
LOAN-1484,Ghana,South Asia,Investment,Effective,2003-12-07,91497777.65,0.0,38973082.51,20277049.59,45974348.31,2003-10-31,2004-08-06,2008-10-01
LOAN-1485,Mexico,Africa,Climate,Repaying,2020-06-04,368598404.85,0.0,351352015.18,188139197.08,236080158.7,2019-12-29,2021-01-04,2022-01-18
LOAN-1486,Kenya,Africa,Infrastructure,Cancelled,2002-11-29,197079001.25,95088668.31,197079001.25,145491260.55,121958692.16,2002-10-19,2003-12-19,2009-11-20
LOAN-1487,Vietnam,Europe & Central Asia,Investment,Cancelled,2023-09-23,251185956.02,123130800.5,142642550.17,26837608.45,23520661.19,2023-03-21,2024-08-27,2030-12-27
LOAN-1488,Colombia,Europe & Central Asia,Health,Repaying,2022-04-07,509439792.06,0.0,309600841.96,160258194.69,263601015.96,2021-09-23,2023-03-26,2034-04-01
LOAN-1489,Tanzania,Latin America,Education,Disbursing,2001-01-27,530779890.33,0.0,311131129.16,81341891.46,103590494.75,2000-08-10,2001-04-27,2006-07-18
LOAN-1490,Colombia,East Asia,Climate,Disbursing&Repaying,2009-01-09,32067852.83,0.0,21797162.07,15812515.07,6710308.84,2008-10-19,2009-06-18,2011-05-14
LOAN-1491,Nepal,Africa,Climate,Effective,2017-10-06,306480328.12,0.0,202013158.91,1114736.12,172970399.56,2017-05-04,2018-09-16,2019-03-28
LOAN-1492,Mexico,Latin America,Education,Disbursing,2006-02-02,201656325.1,0.0,135180213.52,81814534.17,148645372.12,2005-12-15,2007-01-19,2017-03-29
LOAN-1493,Jordan,Africa,Health,Cancelled,2013-06-05,280169694.84,177901730.51,280169694.84,233944771.2,25780294.65,2013-03-07,2014-04-15,2026-04-07
LOAN-1494,India,Latin America,Infrastructure,Disbursing,2006-09-12,348551597.1,0.0,231917670.24,191231844.52,225456104.18,2006-08-26,2007-04-03,2015-12-07
LOAN-1495,Jordan,Latin America,Climate,Effective,2014-02-08,344734076.49,0.0,245331046.32,131417139.15,240777884.4,2014-01-21,2014-07-27,2024-03-17
LOAN-1496,Kenya,East Asia,Agriculture,Cancelled,2013-07-24,526843995.91,140845822.35,367350859.53,274231722.74,145920786.97,2013-07-05,2013-12-04,2016-06-16
LOAN-1497,Egypt,Europe & Central Asia,Infrastructure,Fully Repaid,2023-06-28,19836190.9,0.0,15593835.72,7017988.26,3821615.92,2023-03-27,2023-10-09,2026-07-06
LOAN-1498,Peru,Latin America,Infrastructure,Disbursing,2000-03-08,127086330.47,0.0,54550794.42,19028920.57,88783482.91,2000-02-16,2001-03-24,2002-12-16
LOAN-1499,Vietnam,East Asia,Climate,Disbursing,2014-01-01,534065596.22,0.0,257677177.76,177684432.93,325334626.42,2013-10-30,2014-07-14,2019-04-27
LOAN-1500,Pakistan,Africa,Infrastructure,Repaying,2007-01-24,169606475.51,0.0,111146487.1,44125606.69,23446081.85,2006-12-16,2007-03-02,2020-06-08
LOAN-1501,Peru,South Asia,Health,Disbursing&Repaying,2012-09-15,127913540.85,0.0,87013763.09,24941313.6,19975953.44,2012-07-05,2013-01-10,2015-02-15
LOAN-1502,Nepal,Europe & Central Asia,Investment,Disbursing&Repaying,2002-04-06,535884647.31,0.0,446103434.65,20366212.31,38446783.93,2001-12-19,2002-06-02,2005-01-05
LOAN-1503,Colombia,East Asia,Health,Disbursing&Repaying,2019-12-31,111494880.98,0.0,97769536.69,52158151.24,75496618.27,2019-09-21,2020-07-07,2028-04-09
LOAN-1504,Pakistan,Europe & Central Asia,Investment,Disbursing,2021-01-02,51734636.42,0.0,51734636.42,35592677.4,24617511.66,2020-08-29,2021-07-09,2032-04-06
LOAN-1505,Tanzania,Latin America,Agriculture,Effective,2017-08-02,568731720.77,0.0,292883952.73,236102767.94,138508681.14,2017-01-25,2018-08-07,2025-10-25
LOAN-1506,Vietnam,East Asia,Infrastructure,Repaying,2012-08-29,295066505.88,0.0,133456267.01,13558936.73,120678974.17,2012-03-18,2013-07-19,2016-05-03
LOAN-1507,Peru,South Asia,Health,Disbursing,2013-07-20,246383159.43,0.0,239341151.51,23044523.66,115088627.71,2013-03-14,2014-03-12,2023-08-23
LOAN-1508,Philippines,Europe & Central Asia,Education,Repaying,2019-05-04,149996181.32,0.0,79080421.48,34331752.0,14931362.52,2018-11-30,2019-11-25,2032-05-15
LOAN-1509,Philippines,Latin America,Health,Fully Repaid,2005-02-16,399254292.87,0.0,184581456.85,154638086.84,191898069.66,2004-09-07,2005-11-10,2013-03-31
LOAN-1510,Jordan,South Asia,Infrastructure,Disbursing,2016-12-30,494103716.13,0.0,267280069.79,229939734.83,50500229.09,2016-08-16,2017-12-25,2019-03-13
LOAN-1511,Kenya,Latin America,Climate,Disbursing,2006-07-31,491134986.0,0.0,491134986.0,399258562.71,258877062.04,2006-06-13,2007-04-18,2019-04-26
LOAN-1512,Nepal,East Asia,Education,Effective,2013-08-29,371265438.94,0.0,281318149.79,52070727.45,262881553.45,2013-02-17,2014-03-23,2016-06-25
LOAN-1513,India,Europe & Central Asia,Investment,Effective,2024-08-14,591920880.85,0.0,428170664.78,49154046.85,160196577.63,2024-08-04,2025-09-08,2037-12-31
LOAN-1514,Ghana,South Asia,Climate,Fully Repaid,2014-04-09,517442464.59,0.0,517442464.59,109551393.92,298391689.32,2013-12-23,2014-12-02,2023-08-25
LOAN-1515,Colombia,Europe & Central Asia,Agriculture,Effective,2018-09-18,130673564.44,0.0,70397519.13,8811092.82,60967866.32,2018-06-27,2019-09-26,2022-05-08
LOAN-1516,Morocco,South Asia,Investment,Fully Repaid,2006-02-02,47688867.94,0.0,19674816.91,12772995.6,19792120.23,2005-12-19,2007-01-26,2016-03-27
LOAN-1517,Egypt,Europe & Central Asia,Infrastructure,Fully Repaid,2017-04-04,558535052.41,0.0,501898919.64,205254034.18,205593129.82,2017-01-27,2017-08-07,2027-08-09
LOAN-1518,India,Europe & Central Asia,Investment,Cancelled,2016-06-17,301403393.36,237186407.37,296801175.75,190224918.88,75934918.72,2016-01-14,2017-03-21,2025-07-19
LOAN-1519,Indonesia,Europe & Central Asia,Health,Effective,2020-11-08,291512080.67,0.0,277635467.77,35503671.55,174461202.05,2020-10-09,2021-09-01,2023-08-29
LOAN-1520,Philippines,East Asia,Health,Cancelled,2014-01-06,380244395.22,88089151.76,354003558.89,213055422.41,214098703.53,2013-10-01,2014-11-05,2015-01-29
LOAN-1521,Tanzania,East Asia,Agriculture,Effective,2012-12-21,310034550.68,0.0,240396423.36,158765753.35,113398882.24,2012-12-02,2014-01-10,2020-08-11
LOAN-1522,Nigeria,South Asia,Infrastructure,Effective,2001-03-23,379433532.11,0.0,327266304.62,168729996.4,205744006.12,2000-11-09,2001-06-03,2004-11-20
LOAN-1523,Peru,South Asia,Climate,Effective,2000-08-20,511609927.35,0.0,318364133.19,37976029.5,133391518.46,2000-07-13,2001-07-25,2005-05-16
LOAN-1524,Morocco,East Asia,Investment,Repaying,2023-08-28,225011263.83,0.0,121577971.76,85624318.13,51110613.43,2023-05-23,2023-11-09,2027-09-24
LOAN-1525,Morocco,East Asia,Agriculture,Disbursing&Repaying,2007-07-03,452892971.64,0.0,330774141.41,114067559.8,247053327.28,2007-01-27,2008-01-25,2009-07-17
LOAN-1526,Nigeria,South Asia,Education,Cancelled,2010-06-25,36251302.21,22117136.09,27957437.19,11982802.16,14761518.68,2010-03-08,2011-03-24,2017-03-11
LOAN-1527,Morocco,Europe & Central Asia,Health,Disbursing&Repaying,2014-02-28,522815252.83,0.0,214087843.78,178656364.17,202128463.5,2013-08-28,2014-04-20,2017-03-01
LOAN-1528,Jordan,Africa,Infrastructure,Effective,2012-02-16,573929275.25,0.0,427823355.21,353483834.12,398173050.83,2012-01-12,2012-07-25,2021-09-20
LOAN-1529,Egypt,Latin America,Infrastructure,Disbursing&Repaying,2008-01-26,441916506.18,0.0,384900187.93,67524239.38,133924985.7,2007-08-29,2008-03-01,2009-01-29
LOAN-1530,Kenya,South Asia,Infrastructure,Disbursing&Repaying,2012-09-15,249693016.14,0.0,204801061.12,126351932.12,78313047.12,2012-07-18,2012-11-01,2014-01-22
LOAN-1531,Kenya,South Asia,Climate,Disbursing&Repaying,2005-06-18,563410753.3,0.0,521315189.19,391983784.3,429807313.06,2005-05-09,2005-08-31,2009-03-13
LOAN-1532,Bangladesh,Europe & Central Asia,Climate,Effective,2020-12-11,482904039.18,0.0,264542024.6,26390865.29,90881209.59,2020-11-12,2021-12-03,2031-12-08
LOAN-1533,Nigeria,East Asia,Investment,Disbursing,2012-06-09,416871787.63,0.0,389384663.35,269885488.52,101300864.28,2012-02-23,2013-01-23,2020-09-20
LOAN-1534,Brazil,Africa,Agriculture,Repaying,2017-08-11,573585391.03,0.0,350880470.72,139130194.24,240212594.4,2017-02-17,2018-05-19,2020-11-11
LOAN-1535,Morocco,Europe & Central Asia,Investment,Disbursing&Repaying,2011-08-14,462380857.37,0.0,265734531.97,153861450.03,339598819.04,2011-07-27,2011-10-20,2014-01-06
LOAN-1536,Nigeria,East Asia,Infrastructure,Disbursing,2017-07-07,16165051.9,0.0,12902315.64,7581127.13,818771.7,2017-05-20,2018-07-30,2025-09-24
LOAN-1537,Bangladesh,Europe & Central Asia,Health,Fully Repaid,2003-02-22,7203733.93,0.0,6959415.85,4829079.96,2943478.6,2002-12-17,2003-03-25,2012-08-02
LOAN-1538,Tanzania,South Asia,Climate,Fully Repaid,2002-06-23,342510111.88,0.0,342510111.88,110639840.58,192277231.16,2001-12-30,2002-09-07,2011-06-28
LOAN-1539,Jordan,Africa,Education,Repaying,2001-10-06,52871786.88,0.0,40590277.92,28001498.75,28331052.44,2001-04-10,2002-02-10,2009-04-15
LOAN-1540,Bangladesh,South Asia,Agriculture,Disbursing&Repaying,2008-07-01,380217149.18,0.0,261364651.22,19962048.34,199459426.73,2008-06-12,2008-11-06,2009-11-20
LOAN-1541,Philippines,East Asia,Investment,Fully Repaid,2000-09-25,236316682.42,0.0,236316682.42,136843162.54,100378609.83,2000-06-21,2000-11-22,2009-02-16
LOAN-1542,Brazil,East Asia,Agriculture,Disbursing&Repaying,2024-01-26,75321329.69,0.0,75321329.69,45236843.96,29659865.51,2023-07-11,2024-12-17,2030-02-11
LOAN-1543,Kenya,South Asia,Agriculture,Cancelled,2002-01-20,442598535.56,274755472.08,350146681.55,6007363.74,323266959.01,2001-12-08,2002-02-26,2006-09-27
LOAN-1544,Brazil,Africa,Investment,Disbursing,2004-10-08,493339837.69,0.0,235734445.54,129678296.53,333751365.04,2004-05-24,2005-09-07,2010-07-15
LOAN-1545,Kenya,Latin America,Climate,Effective,2005-06-02,258595821.04,0.0,258595821.04,228591847.2,144502925.35,2004-12-27,2006-04-07,2009-04-27
LOAN-1546,Vietnam,Latin America,Agriculture,Repaying,2018-08-15,459715590.01,0.0,402006665.63,121387261.38,64617217.48,2018-02-08,2019-03-22,2031-11-08
LOAN-1547,Mexico,East Asia,Agriculture,Disbursing&Repaying,2016-11-14,149968542.65,0.0,129811067.09,15581714.28,96473147.08,2016-10-31,2017-08-20,2019-07-03
LOAN-1548,India,South Asia,Climate,Fully Repaid,2021-05-08,111750649.41,0.0,52669532.93,30894905.83,79922539.78,2021-03-27,2021-09-20,2025-05-19
LOAN-1549,Nigeria,Europe & Central Asia,Climate,Cancelled,2008-01-28,272999382.95,136481286.11,161452656.02,25363250.39,155269812.44,2007-12-27,2009-01-13,2015-08-26
LOAN-1550,Ghana,East Asia,Health,Disbursing,2016-03-26,7719174.56,0.0,4542820.73,480435.28,3455482.82,2015-11-08,2016-08-15,2027-06-19
LOAN-1551,Pakistan,Africa,Agriculture,Fully Repaid,2022-04-26,36576066.47,0.0,17927513.84,2407587.58,24975464.83,2022-03-07,2023-05-04,2024-02-08
LOAN-1552,Brazil,Africa,Investment,Fully Repaid,2001-12-10,174613389.41,0.0,130564946.75,39282444.42,114173628.55,2001-05-25,2002-02-04,2014-10-25
LOAN-1553,Mexico,Latin America,Health,Disbursing&Repaying,2019-12-14,472367750.76,0.0,372248988.8,38884599.63,340723289.99,2019-07-09,2020-06-27,2030-03-03
LOAN-1554,Pakistan,Africa,Education,Fully Repaid,2008-12-20,141887625.18,0.0,69256242.95,14197796.96,32327502.15,2008-10-15,2009-02-25,2020-05-09
LOAN-1555,Tanzania,South Asia,Agriculture,Fully Repaid,2016-10-02,534840862.11,0.0,275952756.73,230447706.94,209252826.01,2016-05-28,2017-11-04,2021-12-05
LOAN-1556,Ghana,Africa,Education,Repaying,2004-12-25,125315480.01,0.0,62879474.69,39173251.02,11872236.91,2004-08-20,2005-08-26,2009-08-23
LOAN-1557,Vietnam,Latin America,Health,Cancelled,2007-08-16,532413338.32,416390624.99,470072414.33,334029823.27,281380135.39,2007-06-09,2007-10-29,2017-09-04
LOAN-1558,Peru,East Asia,Climate,Disbursing,2019-03-16,518008436.62,0.0,296898650.7,126520418.76,205686743.07,2019-01-02,2019-08-19,2027-05-14
LOAN-1559,Colombia,Europe & Central Asia,Investment,Disbursing,2018-09-27,137331932.97,0.0,137331932.97,116955598.44,100982373.2,2018-09-07,2019-06-24,2030-11-13
LOAN-1560,Brazil,East Asia,Agriculture,Fully Repaid,2022-03-20,321017427.14,0.0,251490019.0,180624095.89,213787491.4,2022-02-17,2023-01-29,2023-04-25
LOAN-1561,Colombia,Latin America,Agriculture,Fully Repaid,2013-09-03,83963641.06,0.0,53453969.5,31157045.47,9911666.74,2013-02-25,2014-05-26,2027-04-15
LOAN-1562,India,East Asia,Climate,Effective,2020-10-29,280937582.29,0.0,143530766.86,90829340.97,53015535.53,2020-05-10,2020-11-28,2023-03-27
LOAN-1563,Bangladesh,Africa,Health,Cancelled,2024-05-01,320897594.54,217147311.41,204499047.04,138568392.69,184048003.6,2023-10-29,2024-07-11,2032-09-06
LOAN-1564,Brazil,Europe & Central Asia,Health,Effective,2020-11-15,567466726.72,0.0,533261179.19,426171730.7,75600702.34,2020-10-26,2021-06-20,2029-11-29
LOAN-1565,Mexico,Europe & Central Asia,Health,Effective,2010-09-14,424399827.23,0.0,360148480.36,250741839.49,65274541.85,2010-08-06,2011-09-11,2022-04-03
LOAN-1566,Pakistan,Latin America,Infrastructure,Disbursing,2002-11-04,195675970.8,0.0,195675970.8,88682184.42,71851598.89,2002-07-29,2003-07-23,2014-07-27
LOAN-1567,Peru,Europe & Central Asia,Health,Effective,2020-04-10,498588096.63,0.0,386969717.84,185247833.53,333572520.02,2019-12-28,2021-04-19,2022-07-26
LOAN-1568,Pakistan,East Asia,Agriculture,Disbursing,2004-11-26,56948706.34,0.0,40578573.04,6530335.67,43776036.55,2004-09-07,2005-02-21,2009-01-16
LOAN-1569,Tanzania,Latin America,Agriculture,Disbursing&Repaying,2024-04-14,525620918.02,0.0,429195819.21,242301889.21,141853039.31,2023-12-05,2024-11-07,2034-07-12
LOAN-1570,Egypt,South Asia,Education,Cancelled,2015-01-25,178452494.31,97653267.06,80367795.18,63057723.83,40017266.54,2014-08-01,2016-01-20,2023-03-17
LOAN-1571,Tanzania,Europe & Central Asia,Infrastructure,Cancelled,2005-12-01,401183930.78,121575691.18,330628909.98,163205651.26,157868010.68,2005-09-16,2006-04-26,2017-08-06
LOAN-1572,Ghana,Africa,Climate,Repaying,2007-03-19,463001093.59,0.0,202727412.91,64428557.01,181470918.67,2006-10-23,2007-09-11,2012-02-14
LOAN-1573,Mexico,Latin America,Infrastructure,Fully Repaid,2011-09-06,100946554.37,0.0,49820543.42,44559281.52,48544580.02,2011-07-11,2012-01-19,2025-02-11
LOAN-1574,Brazil,Africa,Investment,Cancelled,2013-07-11,586923425.01,441519241.99,304234910.18,122785007.39,458738914.17,2013-03-20,2014-04-22,2017-08-09
LOAN-1575,Egypt,Africa,Education,Disbursing&Repaying,2013-04-04,97851694.13,0.0,97851694.13,48097143.92,42130709.7,2013-01-10,2014-02-21,2017-05-17
LOAN-1576,Egypt,Africa,Infrastructure,Cancelled,2005-03-29,415042453.98,89183225.51,408946483.5,331310865.29,64152062.09,2004-10-12,2005-08-18,2016-01-24
LOAN-1577,Ghana,South Asia,Investment,Effective,2008-10-11,199188049.46,0.0,176584382.36,31014357.7,88603900.1,2008-09-10,2009-08-12,2019-08-04
LOAN-1578,Kenya,Europe & Central Asia,Education,Disbursing,2016-03-12,239682049.68,0.0,189917414.15,103097558.44,103942167.15,2016-01-25,2017-04-12,2026-08-10
LOAN-1579,Ghana,East Asia,Agriculture,Cancelled,2003-12-06,226834534.83,144428273.56,142388640.55,45026069.0,177643814.86,2003-08-05,2004-08-04,2014-09-03
LOAN-1580,Nepal,Latin America,Agriculture,Repaying,2003-11-11,484375307.14,0.0,484375307.14,184764466.17,349874756.5,2003-09-09,2004-05-14,2015-04-30
LOAN-1581,Peru,Africa,Education,Fully Repaid,2012-04-05,44338889.79,0.0,44338889.79,30172731.92,5158218.35,2012-02-11,2013-02-13,2023-06-12
LOAN-1582,Morocco,Latin America,Education,Effective,2013-08-19,115673818.78,0.0,81598119.3,40675049.59,9447622.81,2013-03-19,2014-05-13,2019-06-28
LOAN-1583,India,South Asia,Education,Disbursing,2012-11-26,96644261.94,0.0,61865425.49,35665398.51,50972176.86,2012-10-02,2013-09-03,2019-03-19
LOAN-1584,India,South Asia,Health,Effective,2021-07-21,460007421.71,0.0,365448378.92,319242106.91,229621211.26,2021-03-22,2021-12-30,2033-01-18
LOAN-1585,Indonesia,Africa,Infrastructure,Disbursing,2006-07-22,309952892.3,0.0,266624871.72,202835420.74,53353872.69,2006-03-16,2007-08-10,2010-05-31
LOAN-1586,Ghana,Latin America,Infrastructure,Disbursing,2013-01-01,36468555.39,0.0,25124309.52,14386742.96,27948307.2,2012-08-09,2013-12-24,2015-07-19
LOAN-1587,Peru,Latin America,Infrastructure,Cancelled,2014-06-21,461033250.42,320922109.65,251999851.66,21434549.74,283291737.54,2013-12-18,2014-12-22,2021-05-18
LOAN-1588,Ghana,South Asia,Education,Effective,2016-09-24,322980092.32,0.0,220047465.43,28462206.94,49322963.2,2016-06-01,2017-04-16,2021-03-17
LOAN-1589,Indonesia,Latin America,Health,Cancelled,2023-07-31,96960174.25,60845251.04,55935432.63,9485256.94,70082091.55,2023-01-23,2023-10-27,2033-10-04
LOAN-1590,Egypt,South Asia,Agriculture,Disbursing&Repaying,2016-04-06,74356562.25,0.0,37549002.53,587321.2,23136597.13,2015-12-05,2017-03-07,2028-10-25
LOAN-1591,Vietnam,Latin America,Climate,Disbursing&Repaying,2006-05-21,427387455.34,0.0,180788154.48,132538814.77,92644088.81,2006-03-14,2006-11-24,2010-01-06
LOAN-1592,Pakistan,Latin America,Education,Disbursing,2021-09-21,588760192.71,0.0,435590730.22,299129440.8,78771195.09,2021-09-01,2022-01-29,2024-12-17
LOAN-1593,Brazil,Europe & Central Asia,Investment,Effective,2000-06-17,357939822.12,0.0,277498528.74,226903989.26,29516119.36,2000-05-07,2001-05-21,2005-11-20
LOAN-1594,Pakistan,Latin America,Infrastructure,Effective,2015-08-08,404007385.48,0.0,171059673.4,22409036.16,246302500.48,2015-06-18,2016-05-20,2021-11-05
LOAN-1595,Peru,Europe & Central Asia,Infrastructure,Disbursing&Repaying,2008-08-04,45660538.14,0.0,45660538.14,31365119.95,20393323.02,2008-06-12,2009-06-05,2009-07-05
LOAN-1596,Indonesia,Latin America,Climate,Repaying,2019-09-21,552683920.9,0.0,552683920.9,236130863.36,317019320.21,2019-08-15,2020-01-21,2028-07-01
LOAN-1597,Bangladesh,East Asia,Investment,Disbursing,2020-11-24,132493030.29,0.0,77116689.86,7832042.8,104465396.73,2020-07-04,2021-03-03,2032-11-02
LOAN-1598,Ghana,Africa,Health,Effective,2020-06-30,336493613.08,0.0,145529062.94,42975294.99,46029619.25,2019-12-15,2021-01-05,2031-04-10
LOAN-1599,Philippines,Europe & Central Asia,Agriculture,Fully Repaid,2016-06-25,247332921.2,0.0,247332921.2,95264107.63,171297911.76,2016-06-12,2017-07-05,2028-04-30
LOAN-1600,Indonesia,East Asia,Climate,Fully Repaid,2004-07-24,265644718.49,0.0,246209781.81,18836357.92,41845862.59,2004-06-01,2004-09-25,2013-07-16
LOAN-1601,Pakistan,Africa,Infrastructure,Fully Repaid,2022-05-22,124156780.83,0.0,124156780.83,45175702.09,27892097.57,2021-11-11,2023-04-14,2029-05-01
LOAN-1602,Bangladesh,Africa,Education,Effective,2006-08-11,288116638.56,0.0,254272252.94,92554906.64,119107315.94,2006-07-05,2006-11-11,2013-01-19
LOAN-1603,Tanzania,East Asia,Climate,Disbursing,2022-05-06,142338966.83,0.0,142338966.83,3807733.4,85880040.12,2022-04-20,2022-09-04,2031-09-30
LOAN-1604,Vietnam,Latin America,Education,Cancelled,2022-01-29,185137803.67,59458681.64,166362256.03,113817452.72,101050148.55,2021-08-03,2022-11-09,2033-11-23
LOAN-1605,Peru,Africa,Investment,Disbursing,2019-04-22,327750678.28,0.0,327750678.28,159442867.89,20731146.29,2019-01-04,2020-01-07,2027-03-07
LOAN-1606,Bangladesh,East Asia,Education,Effective,2007-05-13,278495462.1,0.0,118719228.12,59478320.88,193629686.71,2007-01-13,2007-08-19,2015-03-11
LOAN-1607,Bangladesh,East Asia,Education,Cancelled,2021-01-27,459586627.11,246960366.24,392985253.67,173502337.39,213863086.97,2020-12-08,2021-11-12,2023-02-22
LOAN-1608,Bangladesh,Africa,Investment,Effective,2014-05-17,299341222.62,0.0,299341222.62,166207929.31,94164614.85,2014-04-30,2015-04-14,2016-03-16
LOAN-1609,Morocco,Africa,Investment,Effective,2017-01-26,212581688.74,0.0,211230882.46,5113869.75,152741467.11,2016-09-29,2017-08-20,2025-11-27
LOAN-1610,Colombia,Africa,Infrastructure,Disbursing,2002-12-09,38587301.88,0.0,22974227.77,4851235.17,10961674.13,2002-10-31,2003-06-29,2007-07-26
LOAN-1611,India,Europe & Central Asia,Investment,Fully Repaid,2011-12-17,199039518.51,0.0,153007153.29,118891403.78,94750185.96,2011-06-12,2012-09-12,2013-04-12
LOAN-1612,Vietnam,East Asia,Infrastructure,Disbursing&Repaying,2009-03-27,344360356.72,0.0,226567452.73,19927311.14,143346528.65,2008-11-10,2010-01-08,2017-09-02
LOAN-1613,Mexico,Europe & Central Asia,Agriculture,Disbursing,2024-01-14,183214934.07,0.0,183214934.07,33268674.16,96477897.16,2023-10-23,2024-06-27,2025-12-03
LOAN-1614,Nepal,Europe & Central Asia,Health,Cancelled,2004-04-01,244206274.55,98196035.74,141812728.16,94815879.87,29052824.0,2004-03-05,2005-02-15,2016-12-24
LOAN-1615,Tanzania,East Asia,Climate,Effective,2019-06-02,129794799.4,0.0,129794799.4,76109481.02,35873369.5,2019-01-05,2019-12-09,2024-09-22
LOAN-1616,Colombia,East Asia,Agriculture,Disbursing,2023-02-26,154502551.76,0.0,125501709.9,75853763.54,71174978.91,2022-09-22,2023-12-08,2028-10-01
LOAN-1617,Egypt,Africa,Health,Fully Repaid,2002-09-08,562611940.72,0.0,464816183.44,257034084.77,352667316.65,2002-07-09,2003-04-12,2013-11-17
LOAN-1618,Morocco,Latin America,Climate,Effective,2002-11-21,94531229.13,0.0,89638794.61,24224714.59,35594939.15,2002-09-20,2003-07-20,2009-09-11
LOAN-1619,Nepal,Latin America,Agriculture,Repaying,2001-03-29,157585747.75,0.0,138830808.53,50712026.85,21300697.3,2000-12-30,2001-12-21,2012-12-12
LOAN-1620,Jordan,East Asia,Infrastructure,Disbursing,2011-08-04,256101381.67,0.0,256101381.67,46557043.53,65186502.07,2011-02-07,2012-06-10,2016-05-10
LOAN-1621,Brazil,East Asia,Education,Effective,2002-11-07,470429078.28,0.0,208993677.69,168627578.79,134273904.11,2002-07-27,2003-11-15,2005-09-11
LOAN-1622,Bangladesh,Latin America,Infrastructure,Disbursing&Repaying,2023-07-24,145444485.33,0.0,124613737.58,56104054.97,20432326.42,2023-03-09,2023-10-08,2029-09-20
LOAN-1623,Indonesia,Africa,Agriculture,Repaying,2018-12-20,200925117.03,0.0,174294698.21,61169700.73,122821640.54,2018-11-04,2019-03-14,2023-09-19
LOAN-1624,Pakistan,Africa,Infrastructure,Effective,2005-01-24,266487870.57,0.0,160810702.81,85315360.46,111330353.91,2004-08-28,2005-09-27,2016-07-15
LOAN-1625,Philippines,Africa,Climate,Effective,2000-12-11,528262956.83,0.0,528262956.83,172582562.95,309960097.55,2000-06-29,2001-01-27,2002-12-28
LOAN-1626,Philippines,Africa,Health,Disbursing&Repaying,2005-06-22,333873102.47,0.0,216154388.31,186462394.93,107554323.22,2005-04-13,2006-03-05,2015-01-03
LOAN-1627,India,East Asia,Agriculture,Repaying,2013-05-04,556866903.21,0.0,556866903.21,150799187.88,418898563.56,2013-03-14,2014-01-13,2021-04-10
LOAN-1628,Colombia,South Asia,Infrastructure,Disbursing&Repaying,2018-07-10,168051732.78,0.0,77988716.74,54709943.75,70374838.58,2017-12-29,2019-03-13,2021-08-05
LOAN-1629,Mexico,Africa,Education,Disbursing&Repaying,2014-08-28,306269035.78,0.0,208717777.51,113105071.1,202159319.84,2014-02-22,2014-10-11,2016-08-23
LOAN-1630,Mexico,East Asia,Investment,Effective,2003-09-09,475656494.1,0.0,242049117.47,87281862.47,247922726.64,2003-07-21,2004-02-13,2016-02-03
LOAN-1631,Morocco,Europe & Central Asia,Infrastructure,Disbursing&Repaying,2005-12-27,413023260.12,0.0,413023260.12,118727342.67,168833215.55,2005-11-03,2007-01-12,2014-02-26
LOAN-1632,Nepal,Latin America,Investment,Cancelled,2010-01-25,55217375.69,42454736.84,38325256.82,13572688.97,18386835.11,2009-08-26,2011-01-21,2016-01-07
LOAN-1633,Kenya,East Asia,Agriculture,Fully Repaid,2011-09-02,122968390.59,0.0,118173720.65,17948267.32,43134382.72,2011-08-01,2012-04-07,2016-04-21
LOAN-1634,Indonesia,South Asia,Investment,Disbursing&Repaying,2022-03-02,432557137.18,0.0,323607668.29,267943959.87,168818788.29,2021-12-25,2023-04-01,2027-07-18
LOAN-1635,Pakistan,Africa,Infrastructure,Cancelled,2009-09-01,176337373.85,112154950.03,140247201.68,16434082.68,122070128.21,2009-07-05,2010-05-03,2014-07-14
LOAN-1636,Colombia,Latin America,Health,Repaying,2016-07-31,22120004.17,0.0,22120004.17,4688048.71,8587704.93,2016-01-28,2017-07-27,2027-09-05
LOAN-1637,Kenya,South Asia,Climate,Repaying,2017-03-15,283984556.79,0.0,283984556.79,249042886.56,98873777.63,2016-11-17,2018-02-13,2023-10-09
LOAN-1638,Kenya,South Asia,Investment,Effective,2002-01-15,336414984.76,0.0,148591164.66,124513176.96,135642292.27,2001-11-02,2002-10-30,2011-05-28
LOAN-1639,Nepal,East Asia,Agriculture,Repaying,2011-09-04,404400902.58,0.0,204542176.36,164248053.43,32693282.12,2011-04-19,2012-06-12,2020-02-07
LOAN-1640,Egypt,Latin America,Agriculture,Effective,2001-12-24,58340548.64,0.0,56485579.38,22008854.33,14311199.58,2001-08-09,2002-06-15,2010-11-20
LOAN-1641,Colombia,Africa,Education,Cancelled,2014-01-15,542161642.44,398815777.23,331029320.5,247156507.96,403930841.82,2013-10-17,2014-10-23,2018-04-03
LOAN-1642,Jordan,East Asia,Climate,Effective,2007-05-03,36667202.02,0.0,19026488.13,3936095.05,2819586.32,2006-12-25,2008-01-11,2010-10-04
LOAN-1643,Tanzania,South Asia,Investment,Disbursing,2006-08-22,267704214.21,0.0,267704214.21,135128806.84,105293362.18,2006-05-15,2006-11-07,2012-01-11
LOAN-1644,Nepal,Latin America,Health,Disbursing&Repaying,2009-07-11,501797427.42,0.0,501771996.93,371469125.59,237066939.58,2009-06-30,2010-05-06,2023-02-23
LOAN-1645,Mexico,East Asia,Infrastructure,Effective,2001-03-01,552645852.01,0.0,329888649.49,147888982.14,66720335.7,2000-08-29,2002-03-14,2004-09-20
LOAN-1646,Bangladesh,Africa,Climate,Disbursing,2020-08-23,356251406.21,0.0,356251406.21,268356876.77,58899615.53,2020-02-27,2021-05-25,2031-08-25
LOAN-1647,Nigeria,Europe & Central Asia,Climate,Fully Repaid,2014-07-29,396513750.32,0.0,263103343.46,10382662.96,204907854.84,2014-01-13,2015-06-15,2018-04-18
LOAN-1648,Pakistan,South Asia,Investment,Cancelled,2017-02-08,481926987.94,211717802.02,301861334.11,216836738.53,292939316.88,2016-12-15,2017-07-10,2026-11-15
LOAN-1649,Kenya,South Asia,Investment,Disbursing&Repaying,2006-11-30,512145770.78,0.0,271617814.02,190551655.04,135053821.41,2006-09-05,2007-09-07,2017-06-06
LOAN-1650,Nepal,Europe & Central Asia,Education,Fully Repaid,2019-12-25,83115567.74,0.0,77498304.91,58034418.62,36112876.32,2019-08-16,2020-06-09,2033-06-06
LOAN-1651,Colombia,South Asia,Investment,Fully Repaid,2004-03-02,455111932.88,0.0,455111932.88,251440698.11,170930685.74,2003-10-13,2004-09-22,2015-05-21
LOAN-1652,Philippines,Latin America,Investment,Fully Repaid,2019-08-14,558747229.54,0.0,459191307.04,267480246.04,63125907.81,2019-04-04,2020-02-13,2023-10-09
LOAN-1653,Morocco,Africa,Health,Disbursing,2002-01-08,505715082.79,0.0,413914467.46,110073710.83,43388435.32,2001-12-02,2002-10-26,2012-05-15
LOAN-1654,Colombia,South Asia,Health,Cancelled,2003-09-01,281470612.76,59041618.07,274785122.62,201016935.66,89111689.52,2003-02-14,2004-09-03,2014-11-13
LOAN-1655,Mexico,Latin America,Climate,Effective,2020-05-29,506531344.87,0.0,220952504.72,82774642.62,292918929.79,2020-01-25,2021-05-13,2027-03-05
LOAN-1656,Vietnam,Latin America,Education,Disbursing&Repaying,2004-10-08,130585680.64,0.0,60405857.12,53396818.68,31926665.13,2004-05-15,2004-11-16,2005-09-20
LOAN-1657,Bangladesh,South Asia,Infrastructure,Disbursing&Repaying,2021-10-31,12916236.95,0.0,11942879.37,4946104.27,4570006.14,2021-05-16,2022-10-11,2030-09-29
LOAN-1658,Bangladesh,Africa,Investment,Disbursing&Repaying,2008-06-10,57142902.72,0.0,29033803.6,4985739.19,37827239.73,2008-04-08,2009-03-13,2012-07-08
LOAN-1659,Philippines,East Asia,Education,Fully Repaid,2006-08-24,506043377.35,0.0,506043377.35,245291512.5,57977470.91,2006-04-28,2006-10-04,2010-01-29
LOAN-1660,Mexico,Latin America,Agriculture,Fully Repaid,2010-11-19,444574803.14,0.0,336193138.37,146762476.63,28773252.04,2010-08-26,2011-10-06,2020-06-28
LOAN-1661,Brazil,Africa,Investment,Fully Repaid,2013-01-16,9685197.18,0.0,8758594.07,5621121.45,7599152.96,2012-09-04,2013-09-07,2024-10-07
LOAN-1662,Peru,Europe & Central Asia,Health,Repaying,2002-09-21,436145440.18,0.0,436145440.18,355269171.59,305618295.67,2002-09-07,2003-05-25,2010-08-17
LOAN-1663,Jordan,South Asia,Education,Cancelled,2015-07-22,164370078.16,101664317.48,150996966.17,120831779.05,22634672.89,2015-07-07,2015-11-11,2022-11-01
LOAN-1664,Pakistan,East Asia,Agriculture,Effective,2021-01-05,209589196.93,0.0,122752722.84,24272154.96,153377922.52,2020-10-12,2022-02-09,2030-08-03
LOAN-1665,Colombia,Africa,Climate,Effective,2003-11-13,478603734.9,0.0,478603734.9,363776244.08,247142250.37,2003-07-03,2004-02-17,2008-07-28
LOAN-1666,Pakistan,Latin America,Agriculture,Effective,2010-07-12,365420659.32,0.0,175666108.47,65766918.64,290628341.74,2010-02-10,2010-09-04,2011-10-03
LOAN-1667,Ghana,Africa,Infrastructure,Disbursing,2002-11-09,217441105.53,0.0,114566320.35,85369531.2,156740921.23,2002-07-12,2003-02-05,2008-10-05
LOAN-1668,Indonesia,Europe & Central Asia,Agriculture,Disbursing,2011-12-31,138336905.05,0.0,83867815.65,25688023.6,43774048.19,2011-06-28,2012-10-19,2015-02-26
LOAN-1669,Brazil,East Asia,Health,Cancelled,2004-07-27,480397196.8,108176639.35,480397196.8,326760361.71,375187721.02,2004-06-21,2004-11-19,2008-01-15
LOAN-1670,Pakistan,Africa,Agriculture,Disbursing&Repaying,2004-06-14,98434365.68,0.0,62377699.07,24786784.2,42269927.71,2003-12-22,2005-01-16,2012-10-11
LOAN-1671,Morocco,South Asia,Infrastructure,Repaying,2021-03-31,509914079.57,0.0,383091701.17,143343281.68,319601332.4,2021-01-07,2022-01-13,2025-11-27
LOAN-1672,Kenya,Africa,Education,Repaying,2023-10-04,226599632.65,0.0,226599632.65,73549497.08,124345741.99,2023-07-28,2024-01-12,2034-03-12
LOAN-1673,Colombia,East Asia,Agriculture,Disbursing,2019-11-08,539348828.22,0.0,539348828.22,250548977.48,302924718.8,2019-10-27,2020-12-09,2032-04-11
LOAN-1674,Kenya,South Asia,Climate,Fully Repaid,2001-08-30,206290658.62,0.0,148801721.16,103437340.64,77473325.16,2001-03-09,2001-12-15,2003-10-12
LOAN-1675,Peru,Africa,Infrastructure,Disbursing&Repaying,2014-01-26,254486652.16,0.0,254486652.16,160507621.23,179453749.9,2014-01-14,2014-07-18,2026-09-23
LOAN-1676,Morocco,East Asia,Climate,Disbursing&Repaying,2019-11-01,270482485.17,0.0,152581024.61,74762071.85,173448566.34,2019-07-26,2020-10-28,2029-09-22
LOAN-1677,Pakistan,Africa,Health,Repaying,2023-05-07,55147149.35,0.0,45769199.81,16064722.99,32490516.84,2023-02-14,2023-09-23,2026-04-01
LOAN-1678,Peru,Europe & Central Asia,Agriculture,Cancelled,2011-08-09,190790186.12,133426711.18,128319202.92,73413591.54,12890988.23,2011-05-14,2012-04-11,2023-10-04
LOAN-1679,Indonesia,South Asia,Education,Disbursing&Repaying,2005-08-05,505742147.39,0.0,307392690.05,140401438.85,72250203.78,2005-05-11,2006-06-24,2006-07-13
LOAN-1680,Egypt,Africa,Health,Disbursing&Repaying,2023-12-03,589855584.69,0.0,589855584.69,525030497.82,279708291.32,2023-09-25,2024-06-29,2031-06-15
LOAN-1681,Nepal,Europe & Central Asia,Health,Effective,2023-03-02,405098112.21,0.0,393545031.28,184061004.32,95491751.89,2023-01-02,2023-10-02,2034-03-05
LOAN-1682,Indonesia,Latin America,Agriculture,Repaying,2021-05-12,428426050.34,0.0,428426050.34,31597469.61,41405344.63,2021-01-08,2021-07-20,2030-06-19
LOAN-1683,Peru,East Asia,Education,Fully Repaid,2018-12-29,355002477.45,0.0,289382399.34,102818789.9,87959064.01,2018-06-26,2019-10-05,2029-03-01
LOAN-1684,Mexico,Latin America,Investment,Cancelled,2023-09-26,305942605.07,188669427.03,241025109.33,99288249.95,237418759.76,2023-05-23,2024-06-24,2025-04-15
LOAN-1685,Mexico,Europe & Central Asia,Health,Disbursing,2016-07-30,224752575.48,0.0,224752575.48,121690077.7,80116403.08,2016-05-07,2016-09-18,2029-02-14
LOAN-1686,Morocco,South Asia,Health,Repaying,2006-05-17,226023075.74,0.0,226023075.74,61689398.98,93673942.73,2006-01-20,2006-07-10,2014-01-14
LOAN-1687,Nepal,Latin America,Education,Disbursing,2002-01-02,113930894.04,0.0,112988487.43,212099.54,52482605.25,2001-08-22,2002-11-21,2009-10-09
LOAN-1688,Egypt,Africa,Climate,Repaying,2022-08-23,469902862.57,0.0,366609773.33,237574184.88,236963688.17,2022-04-18,2023-05-10,2033-07-14
LOAN-1689,Morocco,Africa,Health,Fully Repaid,2015-03-17,58142413.58,0.0,52317494.03,29362174.72,19793209.13,2015-02-24,2016-03-24,2025-12-18
LOAN-1690,Nigeria,South Asia,Health,Disbursing&Repaying,2013-11-08,520242376.13,0.0,502432867.33,258650085.84,336658770.98,2013-05-17,2014-02-09,2027-03-22
LOAN-1691,Kenya,Latin America,Education,Cancelled,2008-06-30,573325154.17,287570311.74,477847861.79,325822307.69,440296292.28,2008-06-16,2008-09-29,2021-03-30
LOAN-1692,Mexico,South Asia,Investment,Cancelled,2019-12-05,168602704.13,115349980.84,95200505.0,71088263.51,114512947.01,2019-06-23,2020-06-16,2029-10-04
LOAN-1693,Brazil,East Asia,Education,Cancelled,2014-03-27,517874729.75,183486474.03,216787850.66,85266060.42,187057552.62,2014-02-16,2014-06-15,2027-03-17
LOAN-1694,Mexico,Africa,Investment,Fully Repaid,2007-08-04,90700380.49,0.0,54823266.34,4422357.55,25404783.28,2007-02-18,2008-02-16,2012-06-24
LOAN-1695,India,South Asia,Investment,Effective,2016-11-04,182324480.47,0.0,87332582.49,11197303.0,131229551.87,2016-10-12,2017-03-17,2023-01-14
LOAN-1696,Philippines,East Asia,Health,Effective,2020-11-06,307629657.78,0.0,247191812.79,211205962.49,77512105.23,2020-07-15,2021-01-08,2032-07-12
LOAN-1697,India,East Asia,Agriculture,Cancelled,2004-07-21,381957070.63,251246387.33,381957070.63,6401810.3,177822576.85,2004-01-27,2004-10-23,2012-03-16
LOAN-1698,Colombia,East Asia,Agriculture,Effective,2024-03-29,54925471.57,0.0,49907436.3,9138611.36,42618520.78,2024-01-17,2025-01-28,2034-07-26
LOAN-1699,Jordan,East Asia,Investment,Disbursing&Repaying,2007-07-05,29866287.49,0.0,29866287.49,25834428.23,15397488.01,2007-06-10,2008-04-06,2014-06-16
LOAN-1700,Nigeria,East Asia,Agriculture,Effective,2002-01-15,599548911.93,0.0,599548911.93,114800858.98,408000916.03,2001-06-30,2002-11-14,2015-06-28
LOAN-1701,Kenya,Africa,Agriculture,Effective,2019-05-18,58380486.74,0.0,55971909.14,41836108.17,34666644.54,2018-12-03,2020-03-01,2027-05-03
LOAN-1702,Vietnam,Africa,Agriculture,Effective,2015-04-29,587886007.0,0.0,568017385.32,139568588.49,321401848.42,2014-12-23,2016-03-30,2023-07-06
LOAN-1703,India,Latin America,Education,Disbursing&Repaying,2007-10-14,389633758.69,0.0,156491727.78,67115554.86,282906738.88,2007-05-15,2008-11-03,2019-07-28
LOAN-1704,Bangladesh,Europe & Central Asia,Climate,Disbursing&Repaying,2019-12-20,53283528.12,0.0,53283528.12,31231597.79,24190028.88,2019-11-09,2020-07-17,2029-03-25
LOAN-1705,Ghana,East Asia,Agriculture,Fully Repaid,2016-08-13,110426048.97,0.0,110426048.97,69273255.37,6219585.1,2016-04-12,2016-09-16,2022-05-28
LOAN-1706,India,Africa,Climate,Disbursing&Repaying,2013-08-07,409929839.51,0.0,396549000.59,68349387.49,271459892.37,2013-06-02,2014-01-03,2025-06-30
LOAN-1707,Ghana,South Asia,Investment,Repaying,2017-10-07,172050033.01,0.0,172050033.01,109470481.98,35582483.02,2017-07-18,2018-08-24,2029-10-22
LOAN-1708,Tanzania,Latin America,Investment,Cancelled,2007-11-15,333312186.49,184287891.36,309270624.11,157460914.57,187250686.98,2007-04-29,2008-01-17,2011-07-20
LOAN-1709,Nigeria,Europe & Central Asia,Climate,Disbursing&Repaying,2001-01-13,514009980.6,0.0,514009980.6,337195162.93,131455985.89,2000-07-14,2001-11-11,2007-07-12
LOAN-1710,Jordan,East Asia,Education,Effective,2019-05-27,6163204.07,0.0,4571196.58,2769184.29,3312861.08,2019-03-08,2019-08-27,2031-11-05
LOAN-1711,Egypt,East Asia,Health,Effective,2018-11-04,220075746.65,0.0,220075746.65,175053134.01,48066997.92,2018-07-03,2019-05-14,2019-10-12
LOAN-1712,Bangladesh,Latin America,Investment,Repaying,2019-01-04,204149960.12,0.0,204149960.12,148397753.24,161829363.81,2018-10-23,2019-05-14,2023-07-09
LOAN-1713,Vietnam,Africa,Infrastructure,Disbursing,2014-12-30,42392254.15,0.0,38163023.17,957337.64,15853079.75,2014-10-18,2015-03-25,2026-06-09
LOAN-1714,Philippines,Africa,Investment,Disbursing,2019-09-02,500347919.97,0.0,500347919.97,234016494.89,113858046.56,2019-03-16,2020-05-17,2023-04-16
LOAN-1715,Kenya,South Asia,Education,Repaying,2002-10-12,550445054.88,0.0,386366249.72,309508483.7,313766204.05,2002-09-18,2003-04-14,2013-04-14
LOAN-1716,Kenya,South Asia,Agriculture,Disbursing,2018-06-10,408150852.2,0.0,345869661.17,91802487.05,137176078.28,2017-12-29,2019-06-12,2019-07-01
LOAN-1717,Egypt,East Asia,Education,Disbursing&Repaying,2001-03-01,281204410.4,0.0,208789942.12,116544381.36,35420070.46,2000-10-10,2001-09-15,2006-04-20
LOAN-1718,Indonesia,South Asia,Climate,Cancelled,2005-08-26,12311706.46,6221583.02,11950228.79,6376616.37,8379157.78,2005-05-18,2006-04-28,2017-04-08
LOAN-1719,Egypt,Latin America,Climate,Fully Repaid,2023-01-07,149675724.33,0.0,149675724.33,8148655.45,42470508.27,2022-09-28,2023-07-15,2035-12-23
LOAN-1720,Morocco,Latin America,Investment,Cancelled,2006-06-27,284366637.2,97376353.83,251000077.37,65751365.39,221152870.4,2006-01-25,2006-08-23,2016-10-09
LOAN-1721,Ghana,Latin America,Climate,Repaying,2021-05-04,586023909.41,0.0,534713902.71,96855462.71,59365881.45,2020-10-29,2022-01-28,2029-08-02
LOAN-1722,Vietnam,Europe & Central Asia,Agriculture,Disbursing,2022-03-31,183280796.81,0.0,121495967.67,11464736.98,129594022.46,2022-03-21,2023-03-23,2028-01-26
LOAN-1723,Philippines,East Asia,Agriculture,Effective,2016-11-10,376232410.46,0.0,222434331.8,147057466.99,287607544.7,2016-07-21,2017-03-14,2017-10-31
LOAN-1724,Ghana,South Asia,Investment,Repaying,2016-02-22,48870038.34,0.0,20721583.9,2148214.13,13093855.01,2016-02-05,2016-07-02,2021-05-26
LOAN-1725,Nepal,Latin America,Agriculture,Repaying,2008-01-04,135272299.06,0.0,82461869.33,12934644.6,92749538.14,2007-12-20,2008-05-03,2014-09-13
LOAN-1726,Indonesia,South Asia,Infrastructure,Effective,2009-06-06,499710213.08,0.0,254749681.91,150144947.72,356672483.88,2009-01-31,2009-11-05,2018-07-17
LOAN-1727,Ghana,Latin America,Investment,Disbursing&Repaying,2002-12-07,564991244.63,0.0,564991244.63,507320002.21,401848805.92,2002-10-22,2003-03-13,2008-01-03
LOAN-1728,Pakistan,Europe & Central Asia,Health,Repaying,2002-01-26,230026339.99,0.0,160881397.85,86810676.63,180049932.96,2001-08-19,2002-06-01,2014-11-25
LOAN-1729,Nepal,Latin America,Agriculture,Cancelled,2021-12-07,199969959.68,127256708.19,88508139.95,63376318.05,140906556.22,2021-07-30,2022-12-11,2024-03-17
LOAN-1730,Mexico,Europe & Central Asia,Agriculture,Cancelled,2020-10-28,235928927.04,92742217.27,235928927.04,159493296.71,78021594.44,2020-07-15,2021-08-23,2032-06-26
LOAN-1731,Tanzania,East Asia,Agriculture,Disbursing,2009-04-17,164659597.81,0.0,118679534.1,98393249.85,80351737.58,2009-02-15,2010-01-03,2015-05-16
LOAN-1732,Bangladesh,Latin America,Health,Effective,2011-06-02,187069426.61,0.0,187069426.61,96197337.57,140605904.42,2011-05-02,2011-09-08,2014-02-14
LOAN-1733,Nepal,East Asia,Education,Effective,2019-02-11,313698328.73,0.0,183244388.77,6785288.57,136206737.14,2018-10-05,2019-10-20,2029-02-08
LOAN-1734,Ghana,East Asia,Infrastructure,Disbursing&Repaying,2003-05-28,193627153.32,0.0,136680776.55,22088865.2,43632484.83,2003-04-27,2003-11-24,2015-06-24
LOAN-1735,Peru,Europe & Central Asia,Investment,Disbursing,2016-02-28,387974367.53,0.0,387974367.53,323549410.91,48033877.45,2015-10-02,2016-07-09,2024-06-19
LOAN-1736,Pakistan,Africa,Climate,Repaying,2006-03-08,153764067.55,0.0,153175009.29,105941131.48,105187873.04,2005-08-21,2007-01-10,2012-11-10
LOAN-1737,India,Africa,Education,Cancelled,2000-07-13,172697935.81,102315690.02,116969328.74,104939980.93,131140121.37,2000-05-26,2001-03-03,2006-06-16
LOAN-1738,Philippines,Latin America,Infrastructure,Disbursing&Repaying,2020-09-11,287290759.82,0.0,233469789.43,165151202.06,177607737.03,2020-08-11,2021-03-20,2025-09-23
LOAN-1739,Colombia,East Asia,Infrastructure,Cancelled,2005-10-03,129702928.33,99354051.51,98571313.5,49542152.67,42934928.13,2005-09-21,2006-07-15,2014-07-13
LOAN-1740,Vietnam,Latin America,Infrastructure,Cancelled,2013-06-10,254392652.91,140468767.4,241319476.73,87606654.98,161280503.67,2013-01-06,2013-07-26,2017-05-19
LOAN-1741,Morocco,Africa,Agriculture,Fully Repaid,2017-02-07,343073576.46,0.0,343073576.46,282135810.28,164815651.2,2016-10-20,2017-04-10,2029-11-29
LOAN-1742,Bangladesh,Latin America,Agriculture,Effective,2004-03-07,287492704.5,0.0,190628675.96,165035695.64,152156226.66,2004-01-31,2005-03-17,2017-05-27
LOAN-1743,Mexico,South Asia,Agriculture,Fully Repaid,2012-09-24,496752522.77,0.0,438479045.64,10591309.92,98977468.82,2012-07-17,2013-03-22,2025-04-24
LOAN-1744,Kenya,East Asia,Agriculture,Fully Repaid,2017-07-17,39184642.47,0.0,31928639.78,4937545.28,27224725.9,2017-06-09,2017-10-21,2030-05-24
LOAN-1745,Colombia,East Asia,Education,Repaying,2013-11-23,447169938.84,0.0,318024719.8,258626846.56,91607130.35,2013-05-16,2014-11-28,2025-05-13
LOAN-1746,Mexico,Europe & Central Asia,Agriculture,Fully Repaid,2012-05-09,347179373.42,0.0,225059372.06,41112846.03,203995321.38,2012-04-28,2012-08-20,2023-03-04
LOAN-1747,Kenya,East Asia,Education,Fully Repaid,2020-08-22,364884916.7,0.0,218008556.93,64531037.9,174021572.98,2020-03-18,2020-10-11,2023-07-04
LOAN-1748,Nepal,East Asia,Agriculture,Repaying,2018-08-14,211335194.91,0.0,211335194.91,150705686.05,72555129.08,2018-06-20,2019-07-26,2029-02-16
LOAN-1749,Egypt,East Asia,Agriculture,Disbursing,2010-10-02,546945691.8,0.0,299045540.65,153037673.65,188785682.83,2010-07-14,2011-09-18,2023-08-20
LOAN-1750,Nepal,South Asia,Infrastructure,Cancelled,2005-06-09,420336175.58,103369148.66,411058310.11,80373977.37,176589819.46,2005-05-04,2006-03-24,2013-07-27
LOAN-1751,Colombia,East Asia,Education,Disbursing&Repaying,2020-09-19,103079267.89,0.0,58332318.18,2343305.39,7219507.98,2020-06-14,2021-05-11,2025-11-24
LOAN-1752,Bangladesh,South Asia,Education,Disbursing&Repaying,2020-10-28,11388730.03,0.0,5600364.41,4622671.15,3363465.21,2020-06-22,2020-12-31,2023-07-01
LOAN-1753,Jordan,Latin America,Investment,Repaying,2007-08-26,429581015.89,0.0,322262623.44,136545560.77,111414592.29,2007-03-14,2007-11-15,2012-06-11
LOAN-1754,Nepal,South Asia,Agriculture,Disbursing&Repaying,2012-04-03,323119030.68,0.0,230280342.09,16079732.45,201203566.06,2011-12-03,2012-11-02,2017-01-24
LOAN-1755,Pakistan,South Asia,Climate,Disbursing&Repaying,2023-06-15,536149184.9,0.0,442772930.28,176158241.69,46010723.64,2022-12-18,2024-07-15,2026-07-31
LOAN-1756,Bangladesh,Africa,Infrastructure,Repaying,2011-03-15,269172077.26,0.0,236484972.34,10357622.11,89646858.19,2011-01-03,2011-07-25,2014-01-26
LOAN-1757,India,East Asia,Investment,Disbursing,2009-11-22,21626781.07,0.0,8902620.56,6574352.87,12110340.9,2009-05-26,2010-03-17,2014-06-17
LOAN-1758,Brazil,East Asia,Health,Cancelled,2009-04-16,309937559.88,135454600.65,309937559.88,90009468.37,161195371.57,2008-12-18,2009-07-16,2015-04-28
LOAN-1759,Pakistan,South Asia,Education,Fully Repaid,2009-07-17,217162913.92,0.0,117028496.29,42355601.81,62364881.67,2009-05-12,2009-09-18,2016-08-10
LOAN-1760,Ghana,South Asia,Health,Disbursing,2024-01-19,45062104.78,0.0,25903891.63,7029819.45,22492831.72,2023-11-27,2024-06-25,2026-12-30
LOAN-1761,Vietnam,East Asia,Climate,Disbursing&Repaying,2014-04-06,408350810.82,0.0,408350810.82,254953285.48,122111148.17,2013-11-24,2014-06-09,2022-08-07
LOAN-1762,India,Europe & Central Asia,Agriculture,Cancelled,2000-08-05,547701436.71,116511446.44,415776182.15,191225248.23,332104485.05,2000-06-25,2001-02-09,2006-09-19
LOAN-1763,Colombia,Latin America,Agriculture,Repaying,2016-11-08,373760905.95,0.0,167421867.15,56433100.66,101835288.06,2016-05-18,2016-12-27,2023-01-06
LOAN-1764,Egypt,Africa,Investment,Fully Repaid,2012-12-09,84888872.06,0.0,55519947.84,39323324.08,6766119.11,2012-10-02,2013-06-26,2021-06-12
LOAN-1765,Philippines,Latin America,Health,Disbursing&Repaying,2009-12-23,325890492.52,0.0,325890492.52,195047225.18,76992781.61,2009-09-07,2010-10-15,2018-01-04
LOAN-1766,Mexico,East Asia,Agriculture,Disbursing,2006-05-07,379720595.13,0.0,171517326.26,75892653.86,290579625.7,2006-03-26,2006-07-22,2011-01-23
LOAN-1767,Jordan,Latin America,Agriculture,Disbursing&Repaying,2008-11-10,145604526.27,0.0,67346696.09,43943058.81,41293039.94,2008-07-15,2009-03-10,2015-04-07
LOAN-1768,Nepal,Africa,Infrastructure,Fully Repaid,2003-08-03,347970989.1,0.0,347970989.1,63073536.14,242472847.15,2003-04-14,2004-03-13,2008-03-03
LOAN-1769,Tanzania,East Asia,Education,Fully Repaid,2000-11-20,256504868.09,0.0,227652014.55,88804192.02,42812932.81,2000-07-24,2001-01-31,2008-06-10
LOAN-1770,Jordan,Latin America,Health,Effective,2016-10-29,333947021.42,0.0,180518219.67,61810379.55,93299942.97,2016-05-17,2017-08-01,2019-04-06
LOAN-1771,Vietnam,Latin America,Education,Cancelled,2016-10-14,430343705.67,190527427.13,239517514.79,197486680.38,22866490.53,2016-06-20,2017-06-03,2025-12-22
LOAN-1772,Bangladesh,East Asia,Health,Disbursing,2017-04-05,188147441.12,0.0,188147441.12,12062305.61,134290176.97,2017-02-13,2017-08-12,2027-11-13
LOAN-1773,Nigeria,Africa,Education,Disbursing&Repaying,2017-04-14,308216976.24,0.0,243768028.11,151048532.0,176405384.7,2016-09-28,2017-09-17,2023-07-17
LOAN-1774,Tanzania,South Asia,Infrastructure,Disbursing&Repaying,2006-08-19,553273785.52,0.0,381278355.31,242456072.76,39388700.03,2006-03-08,2007-05-09,2010-10-04
LOAN-1775,Nigeria,Latin America,Education,Disbursing,2017-03-29,363278849.53,0.0,363278849.53,275134435.18,21525376.42,2016-09-20,2018-02-22,2019-11-12
LOAN-1776,Peru,Latin America,Climate,Cancelled,2023-12-01,526223669.25,385190743.24,280297713.39,107685988.01,299356857.61,2023-06-24,2024-06-05,2033-12-19
LOAN-1777,Kenya,South Asia,Climate,Disbursing&Repaying,2009-05-25,383527247.95,0.0,383527247.95,118875624.78,60227244.06,2009-02-03,2010-06-16,2017-02-15
LOAN-1778,India,Latin America,Climate,Cancelled,2018-09-12,490751679.97,183052416.51,196920423.67,12377895.1,280826529.41,2018-05-15,2019-01-07,2023-06-23
LOAN-1779,Ghana,Latin America,Agriculture,Fully Repaid,2009-07-14,423908081.99,0.0,236717234.87,38770944.96,322747710.12,2009-05-14,2009-09-12,2014-06-14
LOAN-1780,Pakistan,Africa,Investment,Disbursing,2007-06-14,589853539.56,0.0,589853539.56,233969774.2,433382237.77,2007-03-21,2007-08-26,2016-09-28
LOAN-1781,Indonesia,Africa,Investment,Disbursing,2000-06-04,43236150.25,0.0,18320597.55,3871181.03,17895259.47,2000-03-18,2000-07-07,2002-03-08
LOAN-1782,Indonesia,Latin America,Education,Effective,2021-10-18,315789053.86,0.0,128150218.78,69545378.93,249527867.79,2021-07-14,2022-09-22,2032-04-01
LOAN-1783,Vietnam,Africa,Education,Effective,2017-11-15,410706699.45,0.0,277006045.82,78587009.61,94338413.87,2017-06-02,2018-01-13,2026-09-05
LOAN-1784,Vietnam,South Asia,Health,Repaying,2001-02-24,6835374.47,0.0,6835374.47,2471859.53,4624581.07,2001-01-14,2001-12-22,2008-03-28
LOAN-1785,Philippines,Africa,Investment,Disbursing&Repaying,2008-06-06,273891256.18,0.0,259908536.86,203474014.36,119467394.85,2007-12-16,2008-12-17,2009-08-16
LOAN-1786,Ghana,South Asia,Climate,Fully Repaid,2017-12-13,581910558.09,0.0,575306120.7,351015250.05,131028211.99,2017-06-30,2018-02-22,2026-08-01
LOAN-1787,Colombia,East Asia,Climate,Effective,2008-10-01,592188520.78,0.0,592188520.78,482445616.19,355732563.89,2008-08-16,2009-07-24,2022-05-25
LOAN-1788,Peru,South Asia,Agriculture,Cancelled,2020-12-09,81077505.92,59822644.16,81077505.92,21989312.08,44981526.28,2020-10-31,2021-09-11,2033-11-20
LOAN-1789,Philippines,Latin America,Agriculture,Fully Repaid,2001-04-23,130926288.6,0.0,130926288.6,77740179.91,15328046.21,2001-01-20,2001-12-05,2008-06-01
LOAN-1790,Philippines,Africa,Investment,Cancelled,2022-01-25,401229945.33,271762783.34,401229945.33,242158780.54,220318282.3,2021-10-22,2022-06-18,2024-05-03
LOAN-1791,Vietnam,East Asia,Agriculture,Cancelled,2019-08-08,546549439.82,182618838.37,543474692.45,354630974.24,295377035.55,2019-06-30,2020-02-02,2022-05-22
LOAN-1792,Indonesia,South Asia,Agriculture,Cancelled,2016-06-30,207441523.12,147697988.04,181254186.12,30693717.05,156930706.58,2016-03-15,2017-05-21,2017-05-09
LOAN-1793,Nepal,South Asia,Health,Effective,2005-08-31,356085571.23,0.0,196518691.55,68650066.27,130958968.95,2005-03-05,2006-08-04,2011-06-20
LOAN-1794,Indonesia,East Asia,Education,Effective,2009-10-26,10467170.55,0.0,10467170.55,2976168.31,6930428.45,2009-04-25,2010-07-16,2013-12-11
LOAN-1795,Nepal,Latin America,Health,Effective,2013-11-08,449500659.15,0.0,449500659.15,334867276.06,34053225.59,2013-05-06,2014-02-09,2020-10-22
LOAN-1796,Tanzania,Latin America,Climate,Effective,2006-11-06,299540187.48,0.0,288550771.3,97829608.44,235395781.98,2006-09-04,2007-03-31,2008-11-05
LOAN-1797,Mexico,East Asia,Health,Repaying,2000-12-19,437800300.44,0.0,279877598.53,205293281.98,321469002.64,2000-08-31,2001-07-09,2011-04-06
LOAN-1798,Tanzania,Africa,Climate,Disbursing&Repaying,2008-10-01,455839940.11,0.0,324945718.17,154368709.94,119557655.04,2008-05-04,2009-05-20,2011-10-03
LOAN-1799,Morocco,Africa,Education,Disbursing&Repaying,2013-08-21,452598555.58,0.0,391184074.34,283438135.41,311096916.83,2013-02-25,2013-12-12,2017-07-17
LOAN-1800,Egypt,East Asia,Infrastructure,Disbursing&Repaying,2000-05-29,178193533.75,0.0,91922614.41,18046507.41,108927370.75,1999-11-16,2001-04-18,2003-07-08
LOAN-1801,Morocco,East Asia,Education,Disbursing,2015-12-13,570486901.88,0.0,423123775.11,320513755.57,424721224.55,2015-10-19,2016-02-07,2019-05-27
LOAN-1802,Peru,Africa,Agriculture,Disbursing,2005-04-30,358068472.21,0.0,358068472.21,202049191.69,126396558.26,2005-01-09,2006-02-04,2012-12-08
LOAN-1803,Mexico,East Asia,Infrastructure,Fully Repaid,2017-02-20,466630636.61,0.0,466630636.61,281687325.11,54693012.34,2016-09-02,2018-02-19,2027-12-11
LOAN-1804,Ghana,South Asia,Investment,Cancelled,2010-02-02,76400229.44,42181353.18,35610879.81,15679349.19,42141920.18,2009-08-30,2010-11-04,2017-01-18
LOAN-1805,Indonesia,Europe & Central Asia,Investment,Cancelled,2005-08-13,112752473.38,44552717.46,88776018.68,51502251.73,42309504.09,2005-02-02,2006-06-14,2010-08-01
LOAN-1806,Bangladesh,South Asia,Health,Disbursing,2023-04-11,239308944.24,0.0,239308944.24,168743221.89,107106486.08,2022-11-15,2024-05-10,2026-11-17
LOAN-1807,Pakistan,South Asia,Investment,Effective,2005-07-08,112495183.07,0.0,98914999.15,16018670.92,52427404.33,2005-05-27,2006-05-28,2010-12-18
LOAN-1808,Mexico,South Asia,Infrastructure,Cancelled,2013-05-23,339685244.69,264874902.36,339685244.69,10701699.24,266634684.86,2013-03-31,2014-01-24,2014-03-19
LOAN-1809,Philippines,Africa,Agriculture,Cancelled,2019-12-16,32468926.56,17735920.0,32468926.56,26434822.09,8768156.37,2019-06-12,2020-06-23,2032-07-01
LOAN-1810,Ghana,Europe & Central Asia,Agriculture,Repaying,2001-08-24,325234644.66,0.0,184691519.5,16457532.22,216223300.37,2001-07-09,2002-02-23,2007-04-18
LOAN-1811,Morocco,Europe & Central Asia,Health,Fully Repaid,2003-05-03,333482022.91,0.0,291272039.76,72717855.14,199031509.89,2003-02-17,2003-10-13,2012-09-19
LOAN-1812,Mexico,East Asia,Agriculture,Repaying,2024-01-15,276360310.65,0.0,276360310.65,168268360.01,208693349.34,2023-12-18,2025-01-01,2030-11-25
LOAN-1813,Pakistan,Africa,Education,Repaying,2014-03-11,340367083.15,0.0,312530804.22,143853147.41,58894500.61,2013-11-24,2014-04-23,2020-07-24
LOAN-1814,Kenya,Africa,Infrastructure,Disbursing&Repaying,2003-12-28,79149628.22,0.0,38624393.76,19062370.68,7872975.48,2003-09-24,2004-06-14,2008-02-03
LOAN-1815,Philippines,Africa,Agriculture,Disbursing,2005-07-16,10868682.92,0.0,7626824.19,6649798.55,3629860.37,2005-02-22,2006-01-18,2017-05-04
LOAN-1816,Indonesia,Europe & Central Asia,Agriculture,Disbursing,2002-02-24,212595625.91,0.0,182348893.6,46279611.5,53848447.11,2001-11-25,2002-10-11,2007-01-09
LOAN-1817,Ghana,Europe & Central Asia,Climate,Effective,2000-06-04,333244658.92,0.0,333244658.92,120763244.03,164700371.91,2000-01-15,2001-07-04,2004-09-24
LOAN-1818,Morocco,Latin America,Climate,Effective,2011-03-05,230386395.44,0.0,227699606.22,10833528.96,136864368.35,2010-09-21,2011-11-04,2022-04-06
LOAN-1819,Mexico,East Asia,Climate,Fully Repaid,2023-05-09,591816533.96,0.0,591816533.96,267504814.27,152018274.21,2023-03-02,2023-11-11,2026-02-14
LOAN-1820,Nepal,East Asia,Agriculture,Repaying,2004-03-14,463494148.97,0.0,463494148.97,264752035.14,49834848.88,2003-10-09,2004-05-12,2006-12-01
LOAN-1821,Nepal,Europe & Central Asia,Climate,Disbursing&Repaying,2022-10-26,558105459.16,0.0,558105459.16,5371884.53,424884298.85,2022-09-12,2023-07-28,2034-10-21
LOAN-1822,Peru,Europe & Central Asia,Climate,Disbursing&Repaying,2000-04-29,420239761.95,0.0,304412085.85,168844582.37,308105002.8,2000-01-02,2001-05-23,2013-02-17
LOAN-1823,Ghana,Latin America,Health,Cancelled,2001-11-24,596562057.95,279901683.48,554169933.7,459081610.88,476877355.07,2001-10-02,2002-12-04,2014-06-17
LOAN-1824,Philippines,Latin America,Education,Fully Repaid,2022-03-24,49697812.56,0.0,49697812.56,22976095.68,37987154.28,2022-01-30,2022-10-31,2025-08-02
LOAN-1825,Vietnam,Latin America,Infrastructure,Fully Repaid,2013-03-02,499877211.61,0.0,499877211.61,385917977.09,133741425.43,2012-12-28,2013-04-02,2026-09-29
LOAN-1826,Bangladesh,Latin America,Health,Disbursing,2020-10-08,554218537.97,0.0,554218537.97,478413328.3,241997728.74,2020-05-27,2020-12-06,2029-07-27
LOAN-1827,India,Europe & Central Asia,Education,Disbursing&Repaying,2008-05-08,278910556.29,0.0,178134739.06,17180676.9,87101333.05,2008-01-29,2008-06-11,2011-06-12
LOAN-1828,Colombia,East Asia,Agriculture,Fully Repaid,2000-04-23,122538938.12,0.0,100883519.99,81580362.58,43873754.36,1999-10-28,2000-09-28,2006-03-15
LOAN-1829,Tanzania,East Asia,Education,Effective,2004-11-15,227714133.17,0.0,157486310.77,126457420.35,102999779.35,2004-05-21,2005-07-27,2009-04-28
LOAN-1830,Morocco,Africa,Infrastructure,Disbursing,2008-07-02,449519197.33,0.0,181897122.83,144647982.44,261581773.18,2008-06-12,2008-10-08,2018-03-04
LOAN-1831,Colombia,Africa,Investment,Disbursing&Repaying,2011-12-03,541093697.13,0.0,285832745.98,51190567.29,221562306.54,2011-08-08,2012-09-08,2025-01-29
LOAN-1832,Tanzania,Latin America,Agriculture,Disbursing&Repaying,2017-06-10,198308180.62,0.0,198308180.62,157375364.82,84557405.86,2017-05-03,2017-09-03,2018-09-26
LOAN-1833,Morocco,Latin America,Health,Effective,2019-04-10,209751727.79,0.0,86191004.68,53093132.92,18674170.67,2018-09-24,2019-05-14,2029-11-01
LOAN-1834,Tanzania,Africa,Agriculture,Disbursing&Repaying,2022-12-07,172922905.04,0.0,80597968.39,31115389.11,88745741.65,2022-09-25,2023-05-29,2026-05-02
LOAN-1835,Nigeria,Latin America,Health,Disbursing,2022-07-14,401466616.53,0.0,298421032.67,127277628.43,255749366.32,2022-05-19,2022-11-17,2026-09-09
LOAN-1836,Philippines,South Asia,Health,Fully Repaid,2000-10-16,83716008.54,0.0,36055911.03,32138757.78,62521103.32,2000-08-16,2000-12-31,2002-10-03
LOAN-1837,Bangladesh,East Asia,Investment,Fully Repaid,2021-06-30,317357853.26,0.0,304703871.89,268782913.52,68654477.32,2021-02-10,2022-03-05,2023-06-23
LOAN-1838,Nepal,South Asia,Agriculture,Effective,2002-02-18,165201423.07,0.0,103159161.75,32590255.14,60059910.73,2002-01-29,2002-03-20,2004-02-15
LOAN-1839,Vietnam,Latin America,Infrastructure,Effective,2022-01-14,174763597.14,0.0,109074763.97,59540602.25,65218391.88,2021-10-11,2022-07-18,2025-05-11
LOAN-1840,Indonesia,South Asia,Health,Effective,2023-09-21,411362100.08,0.0,411362100.08,48243427.37,131811330.64,2023-06-08,2024-02-19,2030-09-24
LOAN-1841,Pakistan,Europe & Central Asia,Health,Disbursing,2001-11-03,233509367.2,0.0,233509367.2,27422607.97,141726310.19,2001-05-10,2002-03-10,2006-12-27
LOAN-1842,Egypt,South Asia,Climate,Repaying,2023-12-07,49553362.69,0.0,41489207.92,12803908.61,29435341.35,2023-10-19,2024-01-28,2027-08-15
LOAN-1843,Pakistan,East Asia,Infrastructure,Cancelled,2015-07-31,332544930.79,155993279.46,200198834.27,158030515.03,229482180.42,2015-01-19,2015-10-29,2026-03-07
LOAN-1844,Kenya,East Asia,Climate,Cancelled,2012-04-18,254307475.85,198484992.34,254307475.85,115323986.08,16887586.44,2012-01-25,2012-06-10,2025-10-25
LOAN-1845,Brazil,Latin America,Education,Disbursing,2007-06-04,445725542.12,0.0,320028738.44,197209661.76,313207679.03,2007-01-15,2008-01-16,2020-11-09
LOAN-1846,Bangladesh,East Asia,Health,Cancelled,2000-05-25,366294935.69,173354423.35,207154319.64,671281.87,175427246.51,1999-11-16,2001-06-27,2012-12-29
LOAN-1847,Nigeria,Africa,Health,Repaying,2002-01-17,512222671.74,0.0,326332428.28,78862534.63,71366728.27,2001-11-08,2002-07-15,2003-09-29
LOAN-1848,Morocco,Africa,Health,Repaying,2009-06-02,556712534.64,0.0,343128592.93,244156302.45,296065205.77,2009-04-24,2009-07-02,2018-01-12
LOAN-1849,Ghana,Africa,Infrastructure,Fully Repaid,2013-03-24,54531462.92,0.0,52588472.75,25996983.46,32258615.48,2013-02-28,2014-03-09,2014-04-13
LOAN-1850,Ghana,Latin America,Climate,Disbursing&Repaying,2004-10-09,439633622.91,0.0,274222282.99,63177657.88,27138085.51,2004-03-23,2005-10-26,2014-02-28
LOAN-1851,Nigeria,Europe & Central Asia,Agriculture,Cancelled,2017-09-27,332772293.15,155615486.61,332772293.15,66080302.63,83723887.31,2017-03-15,2018-06-06,2026-10-29
LOAN-1852,Morocco,East Asia,Climate,Repaying,2022-01-01,60746181.98,0.0,33119476.61,5515228.14,42325760.55,2021-11-06,2022-12-28,2029-02-23
LOAN-1853,India,Africa,Investment,Disbursing,2006-06-09,101936596.01,0.0,55268739.53,19608110.85,51566314.92,2006-02-10,2006-11-11,2017-06-18
LOAN-1854,Bangladesh,South Asia,Education,Disbursing,2016-12-13,435962618.95,0.0,222268145.7,150119857.14,25652649.49,2016-11-28,2017-03-09,2018-01-28
LOAN-1855,Brazil,Latin America,Investment,Disbursing,2000-06-02,152764051.95,0.0,71321936.26,9155742.82,79519537.21,2000-01-06,2000-12-22,2003-02-23
LOAN-1856,Pakistan,Latin America,Agriculture,Effective,2021-06-25,290853131.17,0.0,247306887.61,98896436.25,50130960.34,2021-04-14,2021-08-22,2034-06-29
LOAN-1857,Nigeria,Europe & Central Asia,Agriculture,Cancelled,2018-08-18,78229931.54,15702800.98,78229931.54,7238911.32,21321870.47,2018-06-12,2018-09-29,2024-07-13
LOAN-1858,Colombia,East Asia,Education,Fully Repaid,2005-01-15,92689023.54,0.0,85671693.1,17416708.5,65739002.0,2004-11-23,2005-04-11,2010-11-24
LOAN-1859,Indonesia,Africa,Health,Disbursing,2001-12-11,217598202.9,0.0,194218889.35,20687394.63,161564425.6,2001-10-24,2002-04-11,2012-05-18
LOAN-1860,Peru,Africa,Infrastructure,Effective,2012-11-15,361768833.5,0.0,341345770.69,46149276.48,199137477.26,2012-10-10,2013-05-02,2024-11-21
LOAN-1861,Ghana,Africa,Infrastructure,Repaying,2006-07-29,487378051.84,0.0,472291432.77,32461791.38,25165314.2,2006-06-12,2007-03-15,2017-05-31
LOAN-1862,Tanzania,South Asia,Agriculture,Effective,2005-09-20,72332600.42,0.0,53668079.06,35100907.06,11464779.72,2005-06-04,2006-04-18,2013-09-13
LOAN-1863,Tanzania,East Asia,Education,Repaying,2011-01-11,291366687.25,0.0,291366687.25,157795108.31,153682273.7,2010-09-16,2011-11-18,2022-12-31
LOAN-1864,Jordan,Europe & Central Asia,Health,Disbursing&Repaying,2018-12-03,298097836.61,0.0,247114178.45,51178103.39,33599588.21,2018-06-29,2019-12-23,2024-08-29
LOAN-1865,Kenya,Latin America,Investment,Fully Repaid,2005-12-28,220217111.35,0.0,123899373.31,94849380.88,70865609.16,2005-12-03,2006-07-24,2014-11-27
LOAN-1866,Morocco,Africa,Agriculture,Fully Repaid,2010-11-17,278931089.57,0.0,278931089.57,138447543.53,208781684.78,2010-09-11,2011-01-14,2014-10-15
LOAN-1867,Indonesia,Latin America,Climate,Disbursing&Repaying,2004-10-02,229589166.02,0.0,96674833.41,83954539.94,75480462.81,2004-04-27,2004-12-08,2016-04-08
LOAN-1868,Mexico,South Asia,Agriculture,Fully Repaid,2006-09-18,92397569.73,0.0,47401985.48,10454091.88,5484560.37,2006-05-11,2006-12-28,2019-05-13
LOAN-1869,Nepal,East Asia,Agriculture,Effective,2004-12-27,249855877.53,0.0,167370854.85,117704761.61,142776460.41,2004-12-02,2005-12-20,2006-07-13
LOAN-1870,Mexico,Europe & Central Asia,Health,Fully Repaid,2011-07-29,100407528.85,0.0,72003499.27,27451959.73,76428350.64,2011-03-13,2012-01-31,2017-06-29
LOAN-1871,Colombia,Latin America,Education,Disbursing&Repaying,2009-07-03,166737426.85,0.0,78958378.44,26830392.73,127271474.48,2009-01-16,2009-08-30,2015-03-27
LOAN-1872,Bangladesh,Latin America,Education,Disbursing&Repaying,2021-01-04,494390454.51,0.0,494390454.51,269232713.56,53348156.29,2020-10-06,2022-01-03,2030-12-01
LOAN-1873,Bangladesh,Latin America,Infrastructure,Disbursing,2003-06-28,37529636.87,0.0,26165006.44,9989791.63,9473969.15,2003-01-15,2004-01-15,2004-12-08
LOAN-1874,Philippines,Africa,Health,Effective,2008-06-02,101842439.97,0.0,49411063.05,9423626.17,5930566.35,2008-04-02,2009-05-24,2009-12-19
LOAN-1875,Philippines,Africa,Investment,Fully Repaid,2002-01-18,55598416.04,0.0,47597705.01,1922332.53,43915547.56,2001-10-20,2002-04-05,2009-10-16
LOAN-1876,India,Africa,Agriculture,Fully Repaid,2015-12-18,452249260.87,0.0,452249260.87,203600118.51,129277410.31,2015-06-12,2016-12-27,2018-12-19
LOAN-1877,Vietnam,East Asia,Education,Disbursing,2017-02-20,538424152.26,0.0,432280680.62,195373319.66,339904550.07,2016-09-13,2017-04-10,2024-06-19
LOAN-1878,Mexico,Latin America,Climate,Repaying,2009-09-03,411012519.08,0.0,190299736.59,107206774.19,314265811.62,2009-03-10,2009-12-14,2014-02-08
LOAN-1879,Peru,Europe & Central Asia,Infrastructure,Fully Repaid,2005-11-19,595405928.78,0.0,528119784.22,248722437.2,373008215.74,2005-08-27,2006-06-21,2016-05-14
LOAN-1880,Brazil,East Asia,Investment,Cancelled,2022-04-26,147270823.56,100561800.43,147270823.56,80437753.92,113179356.68,2022-03-11,2022-10-31,2035-05-30
LOAN-1881,Kenya,East Asia,Infrastructure,Effective,2016-04-18,60997826.46,0.0,39708057.65,33380593.52,10436994.29,2016-03-17,2016-06-23,2021-02-18
LOAN-1882,Egypt,Africa,Health,Repaying,2005-07-24,591755269.11,0.0,591755269.11,406436296.85,225774779.11,2005-03-12,2005-09-12,2014-07-14
LOAN-1883,Nepal,East Asia,Infrastructure,Cancelled,2014-01-25,248374772.07,62117121.93,222480907.98,136275408.2,94536594.12,2013-10-02,2014-11-10,2024-12-25
LOAN-1884,Nigeria,South Asia,Agriculture,Cancelled,2000-05-10,374265165.68,266415370.05,342487593.53,228418094.85,87433054.32,2000-02-16,2000-12-18,2004-09-22
LOAN-1885,Bangladesh,South Asia,Education,Fully Repaid,2024-01-02,137715517.63,0.0,137715517.63,82937174.39,42926404.92,2023-11-26,2024-03-15,2028-11-12
LOAN-1886,Indonesia,East Asia,Agriculture,Cancelled,2021-10-24,462088907.01,287130264.99,258574231.84,76498817.62,133064806.76,2021-06-15,2022-01-20,2028-11-16
LOAN-1887,Egypt,South Asia,Health,Cancelled,2001-05-28,329323326.93,218843028.64,329323326.93,43128979.88,69191689.12,2001-05-03,2001-12-29,2011-11-15
LOAN-1888,Tanzania,Latin America,Climate,Effective,2011-04-22,37176121.48,0.0,37176121.48,31874081.94,20920995.46,2011-02-26,2011-07-03,2015-04-22
LOAN-1889,Kenya,Africa,Climate,Cancelled,2009-08-08,246015745.65,181029218.62,157122739.09,100713481.08,173063920.97,2009-06-12,2009-10-04,2012-06-30
LOAN-1890,Colombia,Africa,Health,Fully Repaid,2021-04-30,578202632.58,0.0,368618046.97,65888551.03,437384985.52,2020-10-26,2021-08-20,2031-12-12
LOAN-1891,Ghana,Europe & Central Asia,Infrastructure,Disbursing,2006-06-27,236537090.43,0.0,96494172.35,68005728.55,117759157.61,2005-12-29,2007-01-05,2007-08-17
LOAN-1892,Morocco,East Asia,Infrastructure,Disbursing&Repaying,2018-03-25,560622542.63,0.0,448249417.45,127646666.08,361047989.24,2017-11-02,2019-04-28,2019-02-18
LOAN-1893,Egypt,Latin America,Education,Disbursing&Repaying,2008-06-01,382404366.49,0.0,348421282.13,181366975.51,29584514.48,2007-11-26,2009-04-06,2012-12-17
LOAN-1894,Bangladesh,Latin America,Infrastructure,Disbursing,2016-08-10,212110904.64,0.0,212110904.64,185505845.46,102370517.85,2016-07-27,2017-02-10,2024-04-24
LOAN-1895,Peru,South Asia,Education,Effective,2024-05-01,421093701.92,0.0,387039577.1,158840166.39,150663161.14,2023-12-10,2024-11-18,2027-09-11
LOAN-1896,Mexico,East Asia,Climate,Fully Repaid,2012-10-13,259888250.28,0.0,140733679.14,75349181.82,118787683.68,2012-04-10,2013-10-26,2023-06-01
LOAN-1897,Nepal,Europe & Central Asia,Climate,Disbursing,2004-01-08,563051412.48,0.0,563051412.48,50281932.5,65153571.21,2003-12-25,2004-12-18,2014-01-24
LOAN-1898,Indonesia,East Asia,Climate,Cancelled,2001-06-18,451216489.13,168729101.19,405670946.19,198884386.97,236953570.38,2001-02-21,2001-11-03,2007-04-13
LOAN-1899,Egypt,Europe & Central Asia,Climate,Fully Repaid,2018-07-10,231742499.49,0.0,128952694.52,54497577.46,33215749.94,2018-01-01,2019-02-27,2019-07-07
LOAN-1900,Ghana,Latin America,Investment,Fully Repaid,2010-11-01,306998684.36,0.0,188523997.08,111759600.24,86127717.94,2010-07-08,2010-12-17,2012-01-02
LOAN-1901,India,Latin America,Agriculture,Effective,2015-01-12,475353526.31,0.0,475353526.31,222021908.19,288032898.32,2014-08-09,2015-09-19,2021-04-11
LOAN-1902,Jordan,East Asia,Agriculture,Cancelled,2019-04-01,119632940.01,91355903.58,109529637.53,81675693.15,77880892.57,2018-12-13,2019-07-28,2029-02-09
LOAN-1903,Vietnam,Europe & Central Asia,Climate,Disbursing,2017-08-01,99273974.93,0.0,58052998.6,37097165.08,14369680.73,2017-05-17,2018-06-10,2021-12-20
LOAN-1904,Vietnam,Latin America,Health,Repaying,2001-03-31,60486383.07,0.0,25435261.05,264127.65,37956667.55,2000-09-21,2002-02-02,2003-11-01
LOAN-1905,Bangladesh,South Asia,Agriculture,Effective,2008-05-14,446692076.26,0.0,225328641.64,92009714.1,233899738.86,2007-11-19,2008-10-04,2015-11-06
LOAN-1906,Pakistan,Europe & Central Asia,Infrastructure,Effective,2002-04-27,505071791.86,0.0,495500730.21,359925614.23,168481958.48,2002-03-27,2002-08-08,2003-08-29
LOAN-1907,Indonesia,South Asia,Investment,Repaying,2004-02-29,278180995.56,0.0,243885605.51,23503009.01,72840936.71,2003-10-16,2004-10-01,2009-08-24
LOAN-1908,Bangladesh,South Asia,Climate,Disbursing,2009-06-07,297166989.69,0.0,124086704.84,8216819.67,228644109.32,2009-02-10,2010-01-15,2017-04-14
LOAN-1909,Egypt,Latin America,Investment,Cancelled,2001-05-30,111984829.33,87969629.43,45702378.79,7349370.51,53245470.18,2001-02-21,2002-03-03,2014-06-27
LOAN-1910,India,Latin America,Health,Cancelled,2001-01-12,315440390.68,159943050.96,190400077.68,20836289.66,159165884.09,2000-11-24,2001-06-01,2010-01-14
LOAN-1911,Indonesia,Latin America,Infrastructure,Repaying,2012-01-02,22551082.97,0.0,11520266.2,865154.53,12824830.03,2011-08-22,2012-05-13,2014-11-20
LOAN-1912,Ghana,Europe & Central Asia,Infrastructure,Fully Repaid,2008-08-29,392895095.57,0.0,303957396.66,221314589.73,148139717.59,2008-07-06,2009-01-07,2015-10-14
LOAN-1913,Bangladesh,South Asia,Education,Disbursing&Repaying,2021-11-18,352270711.97,0.0,352270711.97,98786083.88,227417039.69,2021-07-17,2022-07-22,2028-10-17
LOAN-1914,Vietnam,Europe & Central Asia,Education,Disbursing&Repaying,2002-11-18,68997671.5,0.0,48742485.87,8761398.32,21712644.68,2002-09-27,2003-01-04,2015-03-04
LOAN-1915,Nigeria,Europe & Central Asia,Education,Cancelled,2015-10-20,248835917.89,54237264.6,219748411.57,173497278.35,189807947.76,2015-08-25,2016-05-02,2026-04-02
LOAN-1916,Mexico,Africa,Investment,Effective,2005-06-26,150964296.34,0.0,86373819.31,28891547.24,23970074.29,2005-03-27,2006-07-13,2006-07-20
LOAN-1917,Vietnam,Latin America,Health,Fully Repaid,2012-09-20,281899093.19,0.0,281899093.19,228019600.13,132839433.04,2012-07-18,2013-07-16,2018-06-02
LOAN-1918,Indonesia,Europe & Central Asia,Climate,Disbursing,2018-12-01,170438838.76,0.0,151063948.0,120099481.01,118443825.64,2018-08-02,2019-06-11,2026-12-01
LOAN-1919,Pakistan,Latin America,Education,Disbursing,2005-07-26,34547546.75,0.0,27470392.32,1156851.28,8837662.82,2005-06-03,2006-06-28,2013-09-19
LOAN-1920,Bangladesh,Latin America,Infrastructure,Disbursing,2020-09-17,347966221.63,0.0,218533063.09,126596192.01,240819523.22,2020-08-05,2021-05-11,2022-05-13
LOAN-1921,Jordan,Europe & Central Asia,Infrastructure,Fully Repaid,2013-07-02,28276545.49,0.0,25896240.96,1618740.44,3431072.16,2013-04-02,2014-01-25,2023-04-20
LOAN-1922,Kenya,Europe & Central Asia,Climate,Fully Repaid,2022-02-16,465894993.78,0.0,370412088.58,15692691.13,127577358.96,2022-01-06,2022-09-25,2025-04-02
LOAN-1923,India,Latin America,Agriculture,Disbursing&Repaying,2019-07-18,33461371.97,0.0,13662841.05,1292807.05,9775548.43,2019-05-26,2019-10-01,2024-08-25
LOAN-1924,Ghana,Europe & Central Asia,Investment,Disbursing,2004-12-20,593791192.72,0.0,593791192.72,463877627.78,145339757.49,2004-09-24,2005-02-26,2011-09-15
LOAN-1925,Vietnam,Europe & Central Asia,Investment,Cancelled,2020-08-31,476018559.06,131273172.8,334948160.56,210614849.81,353988252.71,2020-07-15,2021-07-26,2030-10-03
LOAN-1926,Egypt,South Asia,Climate,Effective,2014-06-10,315449402.21,0.0,186878142.93,80382668.58,131724692.78,2014-01-28,2014-11-02,2017-04-27
LOAN-1927,Nigeria,Africa,Climate,Disbursing&Repaying,2009-03-27,428271918.96,0.0,292256080.03,219773032.1,99265804.77,2009-02-26,2009-06-03,2021-02-23
LOAN-1928,Brazil,Latin America,Agriculture,Disbursing,2015-04-09,12811223.56,0.0,7339657.26,5406834.12,2446150.33,2014-10-30,2016-02-03,2027-08-14
LOAN-1929,Vietnam,Africa,Infrastructure,Repaying,2009-10-24,426564855.24,0.0,394244663.44,300819039.39,55131526.73,2009-07-08,2010-07-12,2022-02-24
LOAN-1930,Pakistan,East Asia,Agriculture,Cancelled,2004-07-30,116832316.23,55679065.85,72701332.76,10743562.49,32755118.09,2004-06-23,2004-10-24,2010-10-17
LOAN-1931,India,East Asia,Health,Effective,2005-04-22,116282710.8,0.0,49172353.6,29291821.23,45289870.09,2005-03-22,2005-11-19,2015-10-21
LOAN-1932,Pakistan,Latin America,Investment,Effective,2004-05-21,241172160.72,0.0,179595780.47,53944386.12,91887907.17,2003-11-27,2005-01-01,2014-09-07
LOAN-1933,Pakistan,Africa,Investment,Cancelled,2019-06-13,117722532.04,71657271.43,63725100.0,15825053.53,59518875.96,2018-12-20,2019-11-17,2022-10-04
LOAN-1934,Philippines,South Asia,Agriculture,Disbursing,2012-05-10,36616973.75,0.0,15692217.5,3759234.22,3639197.69,2011-11-24,2013-06-02,2022-04-02
LOAN-1935,Bangladesh,East Asia,Agriculture,Repaying,2007-09-03,65276041.82,0.0,64436559.16,51006363.12,16397355.56,2007-05-28,2008-08-24,2014-12-14
LOAN-1936,Nepal,South Asia,Agriculture,Effective,2010-09-14,61074327.19,0.0,49017773.86,30901986.18,24891987.0,2010-06-16,2011-09-27,2013-01-29
LOAN-1937,Mexico,Latin America,Investment,Fully Repaid,2014-12-26,202632413.21,0.0,154846230.36,134099735.03,111351279.87,2014-11-01,2015-06-09,2017-07-13
LOAN-1938,Mexico,South Asia,Investment,Repaying,2021-03-13,358433067.35,0.0,358433067.35,188121076.44,149190776.9,2021-02-20,2021-04-20,2034-09-28
LOAN-1939,Nepal,Latin America,Education,Effective,2015-01-21,317535164.65,0.0,169514175.76,22363100.59,38241577.25,2014-09-08,2015-08-18,2028-02-12
LOAN-1940,Nigeria,East Asia,Climate,Effective,2023-03-25,155854423.06,0.0,119540437.51,89054581.33,42992524.37,2022-10-14,2023-12-27,2026-07-30
LOAN-1941,Nigeria,Europe & Central Asia,Infrastructure,Disbursing&Repaying,2006-05-09,438288247.93,0.0,182582917.02,160814230.26,303382749.66,2005-12-23,2006-06-23,2012-08-26
LOAN-1942,Colombia,Africa,Climate,Disbursing,2012-04-14,127752975.02,0.0,60225203.57,49901551.55,42584371.14,2011-10-14,2013-02-16,2023-03-08
LOAN-1943,Peru,Latin America,Infrastructure,Fully Repaid,2012-05-23,162859053.21,0.0,153617305.19,122770245.59,55904573.32,2012-03-26,2012-07-13,2024-11-16
LOAN-1944,Vietnam,Europe & Central Asia,Investment,Effective,2012-12-08,78161951.85,0.0,78161951.85,39862297.45,50367106.41,2012-11-26,2013-09-19,2017-01-21
LOAN-1945,Egypt,Latin America,Investment,Fully Repaid,2012-12-05,316295770.74,0.0,199843708.51,100386843.43,54388676.28,2012-09-11,2013-01-11,2023-12-06
LOAN-1946,Brazil,Latin America,Climate,Fully Repaid,2015-10-20,173395292.77,0.0,151626778.59,7258973.43,48440771.13,2015-10-10,2015-12-14,2022-04-05
LOAN-1947,Morocco,Africa,Investment,Cancelled,2006-12-15,527839647.19,331440152.57,527839647.19,238474739.53,405852325.63,2006-10-30,2007-04-24,2017-06-19
LOAN-1948,Kenya,Africa,Education,Disbursing&Repaying,2017-04-29,135220370.44,0.0,105274766.61,33600443.47,89080721.26,2017-01-07,2017-07-18,2024-01-03
LOAN-1949,Nepal,Europe & Central Asia,Climate,Cancelled,2006-03-30,189887801.39,125439162.9,161618461.81,98753872.55,55420639.79,2006-01-15,2006-07-07,2016-05-26
LOAN-1950,Jordan,Latin America,Education,Cancelled,2008-03-23,184132048.16,123265991.72,86261876.57,43993434.65,95976826.84,2007-11-23,2008-06-10,2012-02-26
LOAN-1951,Peru,East Asia,Education,Effective,2019-03-08,418009366.07,0.0,335683315.5,206998093.25,132997723.84,2018-11-11,2019-11-03,2030-05-07
LOAN-1952,India,Europe & Central Asia,Health,Effective,2010-11-19,20721161.59,0.0,20721161.59,1649116.2,3220880.64,2010-07-01,2011-06-28,2014-07-23
LOAN-1953,Jordan,Europe & Central Asia,Education,Disbursing&Repaying,2000-04-07,527294114.94,0.0,233501031.07,177600092.2,76168626.46,1999-11-17,2000-12-28,2002-04-22
LOAN-1954,Kenya,South Asia,Climate,Effective,2021-08-06,165754032.65,0.0,165754032.65,15969410.61,82173351.22,2021-05-04,2021-10-06,2025-02-20
LOAN-1955,Peru,South Asia,Climate,Repaying,2010-01-10,422435736.04,0.0,343444994.79,173729702.44,327581528.55,2009-07-21,2010-04-29,2017-08-05
LOAN-1956,Nepal,South Asia,Health,Repaying,2005-06-06,484342022.38,0.0,435390125.28,78644469.01,48606892.65,2005-05-03,2005-11-09,2010-10-31
LOAN-1957,Indonesia,East Asia,Education,Effective,2018-02-23,19670548.44,0.0,15827780.99,5565720.54,14645378.97,2017-12-28,2018-07-23,2031-03-25
LOAN-1958,Nigeria,Europe & Central Asia,Agriculture,Disbursing&Repaying,2000-12-20,410385665.98,0.0,410385665.98,227945708.54,153593103.77,2000-11-04,2001-12-21,2007-03-10
LOAN-1959,Mexico,Europe & Central Asia,Health,Disbursing&Repaying,2004-06-26,446290508.59,0.0,373699045.81,160145945.42,119394824.06,2004-02-11,2005-01-30,2011-06-24
LOAN-1960,Bangladesh,East Asia,Education,Disbursing,2012-09-17,420103358.6,0.0,204115060.66,76585363.16,154860481.71,2012-08-08,2013-08-01,2022-04-08
LOAN-1961,India,Europe & Central Asia,Agriculture,Disbursing,2015-11-29,185143134.07,0.0,169607253.48,136347080.45,95331559.97,2015-07-23,2017-01-02,2027-01-04
LOAN-1962,Nigeria,South Asia,Education,Effective,2023-07-21,589143443.03,0.0,404269129.06,311390566.48,251802391.37,2023-03-02,2023-09-21,2028-04-14
LOAN-1963,Morocco,Africa,Climate,Repaying,2012-06-26,395280364.36,0.0,336193148.25,139027152.62,274323752.69,2012-03-31,2013-02-12,2014-11-01
LOAN-1964,Tanzania,East Asia,Infrastructure,Cancelled,2023-07-27,577720230.75,160405860.2,511093742.98,82969467.63,335872178.69,2023-04-26,2024-06-22,2032-03-12
LOAN-1965,Bangladesh,South Asia,Climate,Disbursing,2022-05-27,31732833.59,0.0,31732833.59,4546099.9,3884267.99,2022-01-16,2022-12-08,2028-05-31
LOAN-1966,Philippines,South Asia,Investment,Fully Repaid,2002-11-20,540377614.12,0.0,291370727.19,234036417.27,333337554.21,2002-06-07,2003-04-27,2006-04-10
LOAN-1967,Brazil,South Asia,Investment,Repaying,2014-05-28,267709429.33,0.0,187251419.23,106389637.08,19300401.59,2013-11-21,2015-02-12,2023-09-11
LOAN-1968,Morocco,Europe & Central Asia,Climate,Repaying,2009-01-09,336098590.93,0.0,187063857.49,82680862.66,187925079.17,2008-11-19,2009-09-18,2021-09-12
LOAN-1969,Pakistan,South Asia,Infrastructure,Repaying,2000-03-26,351354228.14,0.0,317375649.85,190994261.9,71203588.37,1999-12-03,2001-02-09,2013-04-24
LOAN-1970,Kenya,Africa,Agriculture,Fully Repaid,2008-07-12,115256091.96,0.0,113409884.44,92983590.48,61278700.05,2008-02-07,2009-04-10,2020-07-31
LOAN-1971,Ghana,Africa,Investment,Fully Repaid,2016-11-14,372994923.89,0.0,315910978.65,39200187.42,37436011.98,2016-06-12,2017-01-23,2020-07-17
LOAN-1972,Peru,Africa,Infrastructure,Disbursing,2010-01-18,65043237.36,0.0,51967582.0,2407715.65,29620919.06,2009-11-05,2010-09-04,2018-11-23
LOAN-1973,Kenya,Latin America,Infrastructure,Cancelled,2022-06-06,581028316.59,255380419.21,267169427.28,138345749.48,400849351.16,2022-05-13,2023-04-11,2025-09-26
LOAN-1974,Tanzania,Africa,Agriculture,Disbursing,2006-04-01,393673040.59,0.0,167633767.72,63577642.3,78885559.15,2005-11-02,2006-10-16,2008-06-19
LOAN-1975,Philippines,East Asia,Investment,Disbursing,2015-07-07,48382581.58,0.0,48382581.58,39378170.88,27932141.17,2015-03-13,2016-06-07,2018-02-21
LOAN-1976,Jordan,East Asia,Climate,Cancelled,2010-02-07,568227402.55,233061088.58,350259192.37,13158144.82,43583077.91,2009-09-28,2010-08-11,2016-01-12
LOAN-1977,India,South Asia,Health,Fully Repaid,2000-10-23,20680522.59,0.0,20680522.59,3651288.02,10466498.75,2000-06-12,2000-12-18,2010-04-25
LOAN-1978,Bangladesh,Latin America,Infrastructure,Cancelled,2016-06-29,260682595.95,82424546.33,193287507.24,23966372.71,98659145.08,2016-02-29,2016-08-27,2022-08-28
LOAN-1979,Philippines,South Asia,Investment,Cancelled,2002-01-20,355227396.98,257168112.27,206636028.66,139009867.16,254432157.25,2001-11-08,2002-03-20,2004-08-04
LOAN-1980,Brazil,Latin America,Agriculture,Repaying,2013-02-11,265940750.22,0.0,166499329.1,47071573.93,133452262.46,2012-08-30,2013-10-02,2024-09-02
LOAN-1981,Indonesia,South Asia,Education,Effective,2009-11-18,50444832.96,0.0,50444832.96,9346159.62,29204601.69,2009-05-10,2010-05-21,2018-12-06
LOAN-1982,Jordan,Africa,Investment,Cancelled,2022-08-01,522037711.02,121320791.67,310802790.43,249786182.05,150944182.49,2022-04-08,2023-08-27,2034-04-23
LOAN-1983,Nigeria,South Asia,Investment,Disbursing&Repaying,2009-06-15,126115186.38,0.0,64281565.15,56461363.41,28111320.34,2009-03-02,2009-09-25,2011-01-29
LOAN-1984,Philippines,East Asia,Infrastructure,Disbursing,2012-02-15,391695311.4,0.0,298867591.66,30728003.11,166149559.16,2011-09-08,2012-09-28,2019-09-06
LOAN-1985,Kenya,South Asia,Investment,Fully Repaid,2019-12-01,171060026.87,0.0,151866780.61,67705513.72,119242456.43,2019-09-25,2020-04-14,2029-03-30
LOAN-1986,Mexico,East Asia,Infrastructure,Disbursing,2015-01-30,321832702.91,0.0,298764367.29,8417832.3,200259508.98,2014-08-22,2015-06-19,2016-07-07
LOAN-1987,Vietnam,Europe & Central Asia,Health,Disbursing,2004-11-24,263275226.06,0.0,195360577.97,128215835.14,158376073.03,2004-08-07,2005-12-28,2012-03-01
LOAN-1988,Jordan,East Asia,Climate,Fully Repaid,2020-12-17,257181837.53,0.0,250849032.18,173615403.52,63028975.52,2020-10-08,2021-03-24,2022-02-14
LOAN-1989,Nigeria,Africa,Health,Fully Repaid,2001-09-24,55894436.09,0.0,33533648.51,16381995.48,16944357.21,2001-07-06,2002-04-27,2008-07-30
LOAN-1990,Nigeria,Europe & Central Asia,Education,Repaying,2019-11-28,12341774.06,0.0,7966814.16,4737855.05,8355379.15,2019-11-14,2020-08-09,2020-12-04
LOAN-1991,Egypt,South Asia,Infrastructure,Disbursing,2003-07-27,579701868.25,0.0,454582685.32,345434108.43,123697871.58,2003-02-11,2004-06-03,2011-06-07
LOAN-1992,Kenya,East Asia,Climate,Repaying,2010-03-15,111983326.33,0.0,111983326.33,27831205.82,78588949.78,2010-01-20,2010-06-28,2012-02-19
LOAN-1993,Philippines,South Asia,Health,Effective,2001-11-18,394487493.36,0.0,215944187.5,98480756.59,149996634.64,2001-05-09,2002-04-13,2004-01-25
LOAN-1994,Nigeria,Africa,Infrastructure,Disbursing,2010-07-12,14590313.46,0.0,14590313.46,11153807.22,6643422.25,2010-06-05,2010-09-19,2022-09-19
LOAN-1995,Egypt,South Asia,Investment,Disbursing&Repaying,2018-08-29,309066132.87,0.0,182220128.23,53428789.57,101534258.07,2018-03-08,2019-05-04,2025-10-30
LOAN-1996,Morocco,South Asia,Education,Disbursing&Repaying,2016-10-22,199291622.31,0.0,199291622.31,60083874.49,70968377.22,2016-07-29,2017-10-05,2018-04-30
LOAN-1997,Mexico,Africa,Infrastructure,Cancelled,2009-06-26,31543293.32,15975974.19,31543293.32,25887120.09,2181264.93,2008-12-09,2010-04-12,2018-01-08
LOAN-1998,Pakistan,East Asia,Investment,Disbursing&Repaying,2003-07-09,499282427.82,0.0,212734068.54,139050174.53,167667650.59,2003-05-03,2004-05-23,2015-08-19
LOAN-1999,Jordan,East Asia,Climate,Cancelled,2021-03-09,325685593.42,167620227.38,161863752.74,127974604.85,211257315.21,2020-11-07,2021-09-17,2028-01-17
LOAN-2000,Pakistan,Europe & Central Asia,Education,Effective,2010-05-10,179373858.77,0.0,106767481.56,23357095.77,112240063.97,2010-02-09,2010-08-07,2016-07-31
LOAN-2001,Egypt,East Asia,Health,Disbursing&Repaying,2021-09-19,220319290.1,0.0,150166915.45,68337824.52,162149849.53,2021-07-13,2022-06-05,2031-12-07
LOAN-2002,Philippines,Europe & Central Asia,Health,Fully Repaid,2006-03-13,497553557.13,0.0,497553557.13,414534384.36,116282220.62,2005-12-27,2006-09-05,2014-09-05
LOAN-2003,Vietnam,South Asia,Agriculture,Disbursing&Repaying,2008-11-19,53496044.6,0.0,39416852.45,34880878.36,25785564.96,2008-07-16,2008-12-26,2013-06-12
LOAN-2004,Indonesia,East Asia,Education,Repaying,2001-07-12,161708792.86,0.0,136427729.06,114205377.66,98179956.44,2001-06-26,2002-07-30,2006-02-03
LOAN-2005,Kenya,Latin America,Climate,Repaying,2018-01-17,311363769.85,0.0,256391794.33,89558350.67,114198583.22,2017-08-18,2018-06-19,2025-06-12
LOAN-2006,Indonesia,Africa,Investment,Disbursing&Repaying,2002-01-11,538968660.87,0.0,538968660.87,286909296.07,276206452.89,2001-06-26,2002-08-10,2012-12-01
LOAN-2007,Colombia,East Asia,Climate,Disbursing&Repaying,2008-03-24,445715000.31,0.0,333640906.39,227507751.64,256324130.98,2007-10-16,2009-01-08,2010-12-05
LOAN-2008,Morocco,South Asia,Health,Fully Repaid,2007-12-05,358164205.61,0.0,249246158.0,145675477.3,119817006.85,2007-05-25,2008-10-31,2015-01-05
LOAN-2009,Indonesia,Latin America,Education,Cancelled,2022-10-18,181922377.0,67521276.16,122414433.9,62152036.58,131525552.32,2022-07-02,2023-04-29,2027-08-14
LOAN-2010,Morocco,South Asia,Health,Cancelled,2012-06-24,489322372.21,356104476.75,483304000.0,430278222.37,101784199.55,2012-03-26,2012-09-12,2021-02-02
LOAN-2011,Nepal,Latin America,Health,Effective,2011-08-21,75537891.17,0.0,46763907.02,18472915.65,53934951.11,2011-07-15,2012-01-16,2018-09-15
LOAN-2012,Morocco,South Asia,Health,Disbursing,2024-03-19,128071651.67,0.0,128071651.67,87009096.48,9030664.32,2024-01-20,2024-04-21,2035-12-27
LOAN-2013,India,Africa,Education,Cancelled,2005-08-29,125868858.64,47448147.84,125868858.64,64702716.39,75403887.58,2005-07-22,2006-09-29,2009-03-03
LOAN-2014,Egypt,East Asia,Infrastructure,Disbursing&Repaying,2005-03-23,298487052.33,0.0,140137003.71,17255942.71,77260358.57,2005-02-21,2005-08-13,2007-09-18
LOAN-2015,Vietnam,Latin America,Investment,Disbursing,2014-02-13,306700802.74,0.0,190426364.62,108078682.27,133302316.0,2013-10-16,2014-05-05,2026-08-19
LOAN-2016,Vietnam,Latin America,Agriculture,Disbursing&Repaying,2000-05-10,505651469.25,0.0,469701845.16,370978116.55,38797190.9,2000-03-26,2001-04-05,2009-08-12
LOAN-2017,Philippines,Latin America,Agriculture,Effective,2005-11-29,162845197.84,0.0,84866202.47,62162962.89,97734886.05,2005-06-10,2006-02-12,2018-04-24
LOAN-2018,Pakistan,South Asia,Climate,Disbursing,2018-10-04,263419674.93,0.0,208774032.95,114845649.5,153440085.79,2018-07-19,2019-09-13,2028-02-09
LOAN-2019,Philippines,Africa,Climate,Repaying,2013-02-07,293118672.45,0.0,271296800.16,43965790.01,80629744.4,2012-09-26,2013-11-14,2022-09-20
LOAN-2020,Ghana,Europe & Central Asia,Education,Effective,2018-10-27,291170636.27,0.0,138954368.82,14052549.67,206926641.35,2018-07-26,2019-04-01,2029-03-03
LOAN-2021,Indonesia,Latin America,Education,Disbursing&Repaying,2005-09-29,281517879.73,0.0,184429334.41,18845480.72,161232731.81,2005-05-17,2006-09-01,2015-10-22
LOAN-2022,Philippines,South Asia,Infrastructure,Disbursing,2014-07-01,178103490.36,0.0,143549618.37,114958776.55,113473459.78,2013-12-31,2015-01-09,2024-07-16
LOAN-2023,Bangladesh,East Asia,Climate,Repaying,2015-03-30,257993572.0,0.0,157004440.88,7719912.99,106842631.45,2015-03-09,2015-10-03,2026-02-07
LOAN-2024,Colombia,Latin America,Agriculture,Cancelled,2014-10-15,345640889.53,194587775.44,184305439.8,34203539.79,179375482.44,2014-09-30,2015-11-18,2016-01-30
LOAN-2025,Bangladesh,South Asia,Health,Disbursing,2002-03-17,469357947.93,0.0,312888306.73,99320313.76,293118593.93,2002-01-13,2002-10-18,2015-01-14
LOAN-2026,Pakistan,Latin America,Infrastructure,Repaying,2016-10-08,503698686.17,0.0,360860332.11,233129651.1,134810225.15,2016-06-15,2017-02-25,2029-12-28
LOAN-2027,Philippines,South Asia,Investment,Fully Repaid,2021-10-01,26464608.63,0.0,11009877.9,9317876.27,3358108.69,2021-08-12,2022-03-24,2029-05-01
LOAN-2028,India,Latin America,Agriculture,Fully Repaid,2017-12-22,380775524.52,0.0,361910391.34,11002152.78,233200846.32,2017-06-06,2018-06-08,2020-09-12
LOAN-2029,Kenya,South Asia,Health,Disbursing&Repaying,2024-04-19,305183249.49,0.0,293827806.13,193742694.5,19872200.68,2024-03-02,2024-07-06,2033-11-22
LOAN-2030,Pakistan,Europe & Central Asia,Education,Effective,2012-04-17,516285320.41,0.0,516285320.41,197550091.84,313701423.53,2012-02-16,2012-07-07,2019-01-15
LOAN-2031,Tanzania,East Asia,Climate,Fully Repaid,2012-10-03,178286999.06,0.0,84588251.73,73608501.83,83928104.56,2012-05-10,2013-07-19,2019-01-23
LOAN-2032,Bangladesh,South Asia,Education,Disbursing&Repaying,2004-11-09,595926603.68,0.0,585227315.25,501136965.39,370681416.82,2004-09-03,2005-09-30,2006-03-27
LOAN-2033,Bangladesh,Latin America,Investment,Repaying,2003-10-02,271015745.44,0.0,211783913.72,20766176.53,76685901.2,2003-05-02,2004-01-26,2009-03-25
LOAN-2034,Tanzania,Europe & Central Asia,Investment,Disbursing&Repaying,2010-06-05,153731589.73,0.0,78874213.9,43762539.14,62282200.29,2010-01-20,2010-11-11,2020-06-25
LOAN-2035,Nepal,Africa,Climate,Disbursing,2012-01-11,501422436.23,0.0,215214404.67,133453987.61,250233647.21,2011-11-09,2012-11-23,2023-10-23
LOAN-2036,Jordan,East Asia,Investment,Cancelled,2003-08-27,191244624.67,87096859.42,176252365.63,51052231.25,111237651.84,2003-07-29,2004-04-05,2007-04-30
LOAN-2037,India,Latin America,Education,Disbursing,2001-10-01,314363715.95,0.0,156296028.08,27762996.42,220781372.35,2001-05-18,2002-01-26,2014-05-03
LOAN-2038,Tanzania,Latin America,Climate,Fully Repaid,2013-03-13,450651092.68,0.0,377496017.49,135696640.84,122830934.28,2012-09-11,2013-08-28,2025-09-26
LOAN-2039,Vietnam,Europe & Central Asia,Health,Disbursing&Repaying,2009-03-03,534279330.49,0.0,454697519.43,67909577.1,142998572.64,2008-08-23,2009-10-09,2021-08-21
LOAN-2040,Nigeria,East Asia,Health,Repaying,2007-05-14,280413698.74,0.0,280413698.74,233969236.12,165471476.7,2006-11-02,2008-02-10,2008-05-28
LOAN-2041,Vietnam,East Asia,Agriculture,Disbursing&Repaying,2008-06-01,111639339.81,0.0,86676197.22,77486724.86,6051055.61,2007-11-27,2008-08-18,2021-04-19
LOAN-2042,Egypt,Africa,Infrastructure,Disbursing&Repaying,2010-02-20,61355167.67,0.0,55218314.06,29542295.81,6140363.9,2009-09-03,2010-03-29,2015-04-13
LOAN-2043,Nigeria,Africa,Infrastructure,Cancelled,2018-02-02,493348886.16,264764253.02,493348886.16,259512144.09,137798629.4,2017-08-12,2019-02-04,2023-06-15
LOAN-2044,Kenya,Europe & Central Asia,Health,Disbursing,2005-09-06,95690972.81,0.0,94210294.97,23739767.73,23655115.91,2005-03-30,2006-09-01,2015-02-03
LOAN-2045,Vietnam,Europe & Central Asia,Agriculture,Cancelled,2021-03-27,464327316.19,139697345.99,405699482.57,101227600.9,304354802.08,2021-01-17,2021-08-14,2024-02-08
LOAN-2046,Morocco,Latin America,Health,Disbursing,2006-02-22,103066940.44,0.0,103066940.44,29992901.04,74410724.33,2005-10-23,2006-10-27,2017-07-18
LOAN-2047,Vietnam,Africa,Infrastructure,Fully Repaid,2021-04-13,302723187.56,0.0,149495970.43,75365496.51,100801422.01,2021-01-14,2022-02-04,2029-03-18
LOAN-2048,Peru,South Asia,Education,Effective,2006-05-30,530554937.31,0.0,530554937.31,456183927.28,402753510.9,2005-12-28,2007-02-10,2018-03-22
LOAN-2049,Nigeria,South Asia,Climate,Effective,2020-11-27,336953525.36,0.0,252152666.94,79015175.01,23240245.99,2020-08-21,2021-08-01,2026-07-10
LOAN-2050,Jordan,Latin America,Health,Fully Repaid,2016-03-11,232562162.26,0.0,126328808.42,85002315.23,13489609.22,2016-01-12,2016-04-12,2023-12-22
LOAN-2051,Vietnam,South Asia,Climate,Effective,2001-07-03,547069249.75,0.0,547069249.75,247556505.73,32685132.05,2001-04-14,2002-06-26,2013-01-22
LOAN-2052,Bangladesh,South Asia,Climate,Cancelled,2001-05-13,597464019.8,452008359.22,575603760.67,142033939.19,55516506.26,2000-11-29,2002-05-01,2012-05-18
LOAN-2053,Tanzania,Latin America,Investment,Disbursing,2016-07-29,286701807.65,0.0,286701807.65,193675016.97,187953968.16,2016-02-14,2017-08-28,2020-10-30
LOAN-2054,Mexico,Latin America,Infrastructure,Disbursing&Repaying,2002-10-18,54280649.35,0.0,54280649.35,5834306.12,20764167.03,2002-09-14,2003-08-22,2009-11-03
LOAN-2055,Pakistan,Europe & Central Asia,Health,Disbursing&Repaying,2007-08-04,443784911.15,0.0,295619326.07,178788153.26,321633053.25,2007-01-22,2008-03-08,2019-12-28
LOAN-2056,India,East Asia,Climate,Cancelled,2006-08-13,252745343.06,90983661.65,236109131.24,13065114.22,49210769.85,2006-06-20,2007-04-27,2008-06-07
LOAN-2057,Nigeria,Europe & Central Asia,Infrastructure,Disbursing,2013-12-16,123216623.66,0.0,99112083.92,15428916.08,75177089.22,2013-07-16,2014-07-13,2017-06-02
LOAN-2058,Vietnam,East Asia,Agriculture,Disbursing,2004-01-23,343063093.11,0.0,328322957.78,167303647.7,136283195.95,2003-07-11,2004-04-06,2009-01-16
LOAN-2059,Vietnam,Europe & Central Asia,Education,Disbursing&Repaying,2016-10-19,377841840.23,0.0,157214661.2,23959869.12,21850226.53,2016-09-19,2017-11-23,2023-02-26
LOAN-2060,Nepal,Latin America,Infrastructure,Effective,2007-12-26,449708017.59,0.0,445430563.58,124470384.36,150419616.03,2007-11-11,2008-11-09,2015-11-18
LOAN-2061,Colombia,Latin America,Infrastructure,Effective,2019-09-20,501988782.08,0.0,310349313.3,55646308.52,393789445.7,2019-08-18,2020-06-26,2028-07-03
LOAN-2062,Ghana,Africa,Health,Repaying,2001-08-24,464560473.91,0.0,380212174.0,283847424.64,262606700.53,2001-05-08,2001-12-11,2014-07-13
LOAN-2063,Pakistan,East Asia,Health,Disbursing&Repaying,2022-08-06,211418310.77,0.0,211418310.77,151511719.03,43464479.57,2022-01-18,2023-01-20,2025-06-14
LOAN-2064,Peru,Latin America,Education,Disbursing&Repaying,2008-05-12,158637240.45,0.0,122809108.2,3475896.36,21649801.52,2008-03-28,2009-02-05,2016-06-04
LOAN-2065,Ghana,Europe & Central Asia,Investment,Disbursing&Repaying,2016-02-05,229856543.4,0.0,200138994.37,6097195.85,132389602.78,2015-12-17,2016-10-07,2027-08-01
LOAN-2066,Vietnam,Africa,Agriculture,Fully Repaid,2024-07-11,390489381.49,0.0,187499783.03,154093685.58,109222504.99,2024-06-26,2025-03-22,2035-08-02
LOAN-2067,Colombia,East Asia,Infrastructure,Fully Repaid,2017-12-29,286775384.11,0.0,170594353.81,111062930.83,143590281.94,2017-12-09,2018-05-27,2030-03-09
LOAN-2068,Indonesia,East Asia,Agriculture,Repaying,2022-12-22,258407066.21,0.0,159046651.28,82662778.33,127861635.0,2022-09-27,2023-11-22,2035-07-20
LOAN-2069,Pakistan,Europe & Central Asia,Agriculture,Disbursing,2013-11-15,452350804.72,0.0,227945297.92,68345386.42,348280705.14,2013-08-09,2014-08-06,2023-07-29
LOAN-2070,Mexico,East Asia,Agriculture,Disbursing,2008-04-12,5501709.63,0.0,2849846.02,2264656.55,1518261.42,2008-02-10,2008-12-21,2011-02-14
LOAN-2071,Philippines,Latin America,Education,Effective,2004-06-24,412404577.96,0.0,412404577.96,138911070.93,168264394.71,2004-01-26,2005-07-10,2014-02-20
LOAN-2072,Pakistan,East Asia,Agriculture,Disbursing,2017-05-21,402719926.01,0.0,402719926.01,255969465.79,250609440.54,2017-02-19,2017-08-27,2027-03-05
LOAN-2073,Vietnam,Africa,Education,Disbursing,2015-07-24,492775690.31,0.0,485037971.71,185349110.23,170198696.9,2015-01-24,2016-06-18,2016-12-25
LOAN-2074,Philippines,Europe & Central Asia,Investment,Disbursing,2017-11-10,111005219.27,0.0,65285062.87,21286351.08,47298430.19,2017-05-19,2018-04-06,2021-10-11
LOAN-2075,Tanzania,Latin America,Agriculture,Repaying,2019-02-04,31327512.05,0.0,20098175.84,1679510.44,10590262.34,2018-11-14,2019-08-12,2028-08-03
LOAN-2076,Tanzania,South Asia,Education,Cancelled,2004-10-09,160306601.19,109607612.58,160306601.19,25900122.01,55892837.12,2004-07-03,2005-10-25,2007-11-13
LOAN-2077,Bangladesh,South Asia,Climate,Disbursing,2021-10-21,100725848.64,0.0,50664256.6,23116751.99,56882302.84,2021-04-23,2022-06-13,2032-02-06
LOAN-2078,Brazil,Africa,Infrastructure,Fully Repaid,2022-07-09,257863814.67,0.0,256226897.18,26740499.42,168989456.72,2022-02-28,2023-08-07,2030-11-08
LOAN-2079,Jordan,Africa,Agriculture,Disbursing&Repaying,2003-08-03,71444922.74,0.0,38799712.17,14808244.3,44274996.39,2003-07-23,2004-02-21,2010-03-11
LOAN-2080,Pakistan,Europe & Central Asia,Investment,Effective,2001-10-14,488636890.06,0.0,479891762.1,196511082.01,42221989.16,2001-06-01,2002-07-06,2010-11-03
LOAN-2081,Brazil,Europe & Central Asia,Infrastructure,Disbursing,2024-05-06,413400644.92,0.0,248809908.97,75567443.4,112489763.43,2024-03-12,2024-11-02,2033-03-03
LOAN-2082,Colombia,South Asia,Health,Disbursing&Repaying,2001-08-22,270828238.6,0.0,172828140.89,5539758.65,36226651.83,2001-02-04,2002-04-11,2008-01-14
LOAN-2083,Mexico,South Asia,Education,Effective,2015-06-29,323316194.16,0.0,161930879.64,21080143.38,135821163.17,2014-12-25,2016-06-09,2021-10-14
LOAN-2084,Peru,Europe & Central Asia,Education,Disbursing&Repaying,2004-07-14,277759643.64,0.0,128110779.07,42983190.0,44458996.13,2004-02-24,2004-09-22,2012-12-06
LOAN-2085,Nepal,East Asia,Education,Disbursing&Repaying,2003-07-22,243440054.87,0.0,133196833.92,89520303.8,143920657.39,2003-06-13,2003-11-27,2017-03-06
LOAN-2086,Nigeria,Africa,Health,Disbursing,2016-10-14,371270975.59,0.0,308647253.05,220482510.67,211881692.66,2016-06-05,2017-03-03,2027-05-29
LOAN-2087,Nigeria,Latin America,Infrastructure,Disbursing&Repaying,2012-10-12,169728017.55,0.0,159060902.3,86554630.12,124293491.84,2012-10-01,2013-06-07,2018-03-31
LOAN-2088,India,East Asia,Investment,Disbursing&Repaying,2014-04-09,396041608.47,0.0,245472501.03,102164943.75,254533433.18,2014-02-02,2014-09-01,2015-07-01
LOAN-2089,Vietnam,Latin America,Climate,Cancelled,2018-11-15,42914862.85,23909520.44,27047738.16,17333008.64,28762881.41,2018-06-20,2019-07-02,2030-05-12
LOAN-2090,Jordan,South Asia,Agriculture,Disbursing&Repaying,2022-05-20,209055677.9,0.0,137080786.14,101489930.33,34250421.7,2021-12-25,2023-06-11,2027-01-06
LOAN-2091,Bangladesh,Africa,Investment,Fully Repaid,2015-06-28,244748243.65,0.0,227263134.39,116854604.42,26666884.64,2015-04-26,2016-04-24,2024-08-03
LOAN-2092,Nepal,Africa,Health,Cancelled,2007-06-24,451760224.09,185662531.62,343879587.68,144650230.53,75410244.11,2007-02-24,2008-02-21,2008-10-27
LOAN-2093,Nepal,Europe & Central Asia,Investment,Fully Repaid,2005-07-16,447710951.25,0.0,447710951.25,151217016.32,202900155.26,2005-03-27,2005-12-04,2011-02-06
LOAN-2094,Indonesia,Europe & Central Asia,Infrastructure,Fully Repaid,2018-04-29,177162640.81,0.0,177162640.81,122275382.68,139655012.31,2018-02-23,2018-12-29,2025-05-26
LOAN-2095,Vietnam,Africa,Health,Disbursing&Repaying,2014-04-03,380014017.73,0.0,353940367.58,218791597.57,199447293.52,2013-11-07,2015-01-30,2023-11-14
LOAN-2096,Philippines,East Asia,Infrastructure,Repaying,2017-12-11,299425762.48,0.0,230896533.65,171677251.12,115905300.52,2017-12-01,2018-10-09,2026-04-04
LOAN-2097,Egypt,Latin America,Agriculture,Fully Repaid,2018-05-28,411594307.2,0.0,197013101.27,102868823.76,149645370.1,2017-12-07,2018-07-11,2024-04-02
LOAN-2098,Morocco,Europe & Central Asia,Health,Disbursing,2014-07-31,373852575.38,0.0,373852575.38,201735094.05,223979188.8,2014-05-19,2014-11-23,2028-03-02
LOAN-2099,Tanzania,South Asia,Agriculture,Fully Repaid,2022-12-08,571348418.07,0.0,238923974.59,129307645.05,367039878.71,2022-10-18,2023-08-29,2032-01-13
LOAN-2100,Philippines,Latin America,Agriculture,Disbursing,2001-05-21,285940490.83,0.0,277429191.36,49883647.3,42744541.38,2000-12-15,2002-02-11,2012-07-03
LOAN-2101,Philippines,Europe & Central Asia,Health,Disbursing&Repaying,2004-12-26,268973651.63,0.0,159637723.31,25412745.77,106528270.94,2004-09-23,2005-04-16,2011-04-19
LOAN-2102,Egypt,South Asia,Investment,Fully Repaid,2017-04-14,9095571.75,0.0,3873422.49,2359631.42,6369601.93,2016-12-19,2017-09-24,2030-02-26
LOAN-2103,Indonesia,Europe & Central Asia,Infrastructure,Disbursing&Repaying,2002-09-06,390018157.13,0.0,322676315.32,6888530.61,160143667.85,2002-05-18,2002-10-26,2011-08-26
LOAN-2104,Bangladesh,Europe & Central Asia,Climate,Effective,2005-01-05,379414576.97,0.0,285333665.75,202210597.99,48457789.6,2004-11-13,2005-08-10,2015-02-04
LOAN-2105,Vietnam,Latin America,Education,Disbursing&Repaying,2003-04-28,548219881.28,0.0,548219881.28,103655488.58,67345675.53,2002-10-19,2004-02-03,2009-08-18
LOAN-2106,Nigeria,Africa,Health,Cancelled,2012-05-07,180698781.46,40015164.34,136560872.89,96772026.32,103842395.39,2012-03-23,2012-08-20,2024-11-14
LOAN-2107,Nepal,South Asia,Health,Disbursing&Repaying,2007-02-06,136507816.04,0.0,95102387.44,31046346.66,36640571.19,2006-08-18,2007-08-11,2018-07-31
LOAN-2108,Egypt,Africa,Climate,Fully Repaid,2011-07-17,96892566.18,0.0,96892566.18,11210254.56,48987628.3,2011-05-10,2011-08-30,2017-02-08
LOAN-2109,Nepal,Latin America,Education,Cancelled,2018-03-16,352619690.65,201372640.63,214229487.13,139040385.21,214778160.15,2018-01-22,2018-10-08,2022-07-09
LOAN-2110,Peru,Africa,Agriculture,Cancelled,2021-08-15,316385764.39,155155279.78,222223980.1,185217925.5,169672109.94,2021-04-30,2021-09-21,2023-11-23
LOAN-2111,Vietnam,Latin America,Infrastructure,Disbursing,2008-10-31,189038429.32,0.0,109537938.19,27437500.23,119757880.89,2008-06-16,2009-07-23,2022-06-04
LOAN-2112,India,Europe & Central Asia,Infrastructure,Disbursing&Repaying,2004-06-07,539390130.35,0.0,535669573.36,175273386.82,40254900.06,2004-01-20,2004-08-10,2011-05-05
LOAN-2113,Jordan,Europe & Central Asia,Agriculture,Fully Repaid,2023-06-16,508730343.51,0.0,422339421.55,30198350.85,329880266.84,2023-04-05,2023-11-24,2028-05-16
LOAN-2114,Philippines,Latin America,Investment,Cancelled,2012-06-12,415334282.9,268250403.99,317669606.15,11502661.77,210513544.14,2011-11-28,2012-08-13,2016-03-28
LOAN-2115,Peru,Africa,Health,Fully Repaid,2004-05-29,41214742.35,0.0,23989823.83,12645267.69,20028420.61,2004-05-06,2004-12-08,2006-11-13
LOAN-2116,Pakistan,East Asia,Infrastructure,Repaying,2021-11-08,74261803.16,0.0,34658649.44,6157338.43,33921055.83,2021-06-06,2021-12-12,2032-04-24
LOAN-2117,Indonesia,East Asia,Infrastructure,Fully Repaid,2000-01-09,467550539.17,0.0,259882829.57,188464241.55,238829472.89,1999-09-17,2000-12-11,2006-11-30
LOAN-2118,Tanzania,Latin America,Agriculture,Effective,2023-11-15,200540442.59,0.0,157749870.04,40286182.94,107080520.69,2023-08-10,2024-05-03,2037-04-12
LOAN-2119,Peru,Africa,Health,Disbursing,2014-04-26,377423424.62,0.0,184626498.79,125721599.6,70440500.58,2013-12-17,2015-02-03,2018-10-18
LOAN-2120,Mexico,South Asia,Agriculture,Effective,2024-02-28,457460498.23,0.0,429272218.06,36535864.46,318631492.49,2023-12-31,2024-05-23,2030-03-06
LOAN-2121,Pakistan,Africa,Health,Effective,2009-06-07,303558903.83,0.0,199138492.68,95060664.79,38609000.72,2008-12-07,2009-09-24,2017-07-07
LOAN-2122,Mexico,Latin America,Health,Repaying,2014-08-10,461006442.46,0.0,461006442.46,353647979.45,234003376.74,2014-04-01,2015-08-09,2024-10-11
LOAN-2123,Nigeria,Latin America,Infrastructure,Repaying,2013-09-26,560041909.6,0.0,435480378.22,335587181.78,155531249.66,2013-03-14,2014-04-25,2021-08-18
LOAN-2124,Egypt,Africa,Education,Fully Repaid,2002-06-25,258052258.05,0.0,184464467.14,69250040.67,160422588.08,2002-03-17,2003-06-20,2006-06-10
LOAN-2125,Egypt,Africa,Investment,Effective,2016-10-02,16590376.03,0.0,15984348.3,3001031.63,9746920.96,2016-07-02,2017-06-07,2026-02-24
LOAN-2126,Vietnam,Europe & Central Asia,Investment,Effective,2004-10-16,338183495.85,0.0,189234537.36,36613451.95,144474548.34,2004-08-05,2005-02-05,2012-11-29
LOAN-2127,Tanzania,Europe & Central Asia,Agriculture,Disbursing&Repaying,2021-11-05,284573696.64,0.0,284573696.64,11781338.24,154968498.54,2021-08-16,2022-10-11,2031-01-29
LOAN-2128,Brazil,South Asia,Education,Effective,2004-12-24,38388167.14,0.0,25879518.93,12528434.04,14533502.1,2004-11-10,2005-03-01,2013-01-29
LOAN-2129,Colombia,Latin America,Infrastructure,Fully Repaid,2010-12-31,525000616.9,0.0,457720031.1,236494469.11,247473367.35,2010-07-28,2011-11-05,2017-08-31
LOAN-2130,Jordan,Europe & Central Asia,Infrastructure,Disbursing&Repaying,2014-01-30,491299445.65,0.0,467548115.99,59107811.9,308255721.54,2013-09-28,2014-06-18,2019-01-12
LOAN-2131,Vietnam,East Asia,Health,Effective,2011-06-15,140470957.19,0.0,96891673.81,17352006.38,109367737.36,2011-05-31,2011-09-24,2014-12-12
LOAN-2132,Colombia,East Asia,Investment,Cancelled,2016-10-02,240803248.73,129896196.93,190014478.29,8213941.06,107470017.05,2016-09-14,2017-07-17,2024-11-28
LOAN-2133,Jordan,East Asia,Health,Disbursing,2005-01-14,173174621.03,0.0,115507828.25,6976503.11,18471572.08,2004-11-25,2005-11-02,2007-10-29
LOAN-2134,Egypt,Europe & Central Asia,Education,Effective,2020-11-21,391853529.59,0.0,216581350.79,14245683.1,220599767.49,2020-05-06,2021-03-08,2029-02-13
LOAN-2135,Kenya,Latin America,Education,Fully Repaid,2000-12-17,390464718.73,0.0,262332852.61,124593039.46,222346083.02,2000-07-13,2001-06-15,2001-12-04
LOAN-2136,Bangladesh,South Asia,Health,Cancelled,2014-08-26,10080053.54,4784517.49,6631742.29,898239.17,6972181.25,2014-02-27,2015-01-05,2023-06-05
LOAN-2137,Morocco,Latin America,Agriculture,Cancelled,2001-10-08,464930240.65,243644716.92,262646223.58,42923759.82,32390931.04,2001-09-11,2002-04-23,2009-08-30
LOAN-2138,Philippines,Latin America,Investment,Repaying,2015-12-09,125012349.23,0.0,66335443.82,59164798.89,28094542.49,2015-10-25,2016-08-20,2019-07-09
LOAN-2139,Bangladesh,South Asia,Education,Fully Repaid,2019-09-03,269151715.24,0.0,267847379.94,178365325.89,90249913.99,2019-07-05,2020-01-16,2029-01-10
LOAN-2140,Indonesia,South Asia,Investment,Repaying,2009-05-27,581700049.74,0.0,468479502.37,243831017.58,254419393.73,2009-01-12,2010-05-01,2018-04-05
LOAN-2141,Vietnam,East Asia,Investment,Effective,2022-10-27,118633780.56,0.0,118633780.56,85394029.75,37950217.92,2022-06-23,2022-12-04,2023-10-21
LOAN-2142,Bangladesh,East Asia,Climate,Disbursing,2019-06-23,243183467.03,0.0,243183467.03,77627321.55,184648923.89,2019-03-29,2019-11-17,2022-03-10
LOAN-2143,Bangladesh,East Asia,Agriculture,Disbursing,2006-04-24,14430767.57,0.0,14430767.57,9476197.31,10433421.81,2006-02-28,2007-03-09,2007-05-04
LOAN-2144,Morocco,Europe & Central Asia,Infrastructure,Repaying,2013-02-22,97676197.35,0.0,93383930.99,64066891.59,9365789.16,2012-09-07,2013-10-22,2017-07-01
LOAN-2145,Colombia,Latin America,Infrastructure,Disbursing&Repaying,2008-02-23,108909301.25,0.0,88747983.64,12091242.7,71560293.1,2008-01-16,2008-06-15,2009-08-21
LOAN-2146,Tanzania,Latin America,Investment,Effective,2001-04-11,187108566.32,0.0,168444484.97,137801530.42,46568704.26,2001-01-07,2001-05-25,2012-08-25
LOAN-2147,Brazil,Latin America,Agriculture,Cancelled,2007-08-13,548578275.61,142668284.92,239838180.75,81385031.89,273675063.44,2007-05-06,2008-01-04,2010-07-02
LOAN-2148,Colombia,South Asia,Agriculture,Cancelled,2019-10-03,71884300.94,51336130.62,56109398.64,49658608.16,49751507.1,2019-04-13,2019-11-02,2027-07-24
LOAN-2149,Tanzania,East Asia,Education,Cancelled,2004-04-28,540231650.12,267782578.31,327104481.77,95052902.91,245799765.48,2003-11-24,2004-09-05,2007-12-19
LOAN-2150,Philippines,Europe & Central Asia,Infrastructure,Disbursing,2018-02-11,82235529.34,0.0,82235529.34,16693537.54,9180917.44,2017-08-28,2018-05-05,2024-07-15
LOAN-2151,Philippines,Africa,Health,Disbursing&Repaying,2023-04-28,114852919.87,0.0,106525564.89,31506340.14,89638977.97,2022-11-22,2023-10-11,2027-02-04
LOAN-2152,Vietnam,East Asia,Climate,Disbursing&Repaying,2017-04-09,227988565.55,0.0,117682408.07,77996286.52,156870112.22,2017-03-18,2017-08-18,2022-03-06
LOAN-2153,India,Latin America,Education,Disbursing,2021-07-26,382605237.07,0.0,382605237.07,81895272.05,132983133.95,2021-04-19,2021-11-29,2031-06-27
LOAN-2154,Egypt,Latin America,Infrastructure,Disbursing&Repaying,2023-01-29,274650188.83,0.0,167603550.5,66350340.06,167185151.39,2022-10-25,2023-06-03,2029-08-16
LOAN-2155,Vietnam,East Asia,Investment,Cancelled,2011-10-16,464344634.95,310726688.7,355248165.6,30854394.0,321401148.53,2011-06-19,2012-10-08,2013-03-07
LOAN-2156,Jordan,Latin America,Agriculture,Disbursing&Repaying,2013-04-06,61277194.69,0.0,61277194.69,45778363.58,8591571.79,2012-12-29,2013-10-10,2024-03-26
LOAN-2157,Colombia,Europe & Central Asia,Agriculture,Fully Repaid,2022-12-01,590665461.15,0.0,275470892.73,214941877.99,253125425.39,2022-10-16,2023-12-14,2028-09-17
LOAN-2158,India,Latin America,Investment,Cancelled,2023-07-21,441380332.47,300207478.5,301528620.07,163079543.8,72310631.0,2023-04-10,2024-05-22,2029-07-16
LOAN-2159,Peru,Latin America,Climate,Cancelled,2010-02-24,227810911.46,66345519.41,109374401.18,16304656.84,119768047.86,2009-09-11,2010-10-29,2015-07-04
LOAN-2160,Nigeria,South Asia,Education,Fully Repaid,2021-05-17,575638774.94,0.0,575638774.94,153607358.32,417751112.38,2021-02-14,2021-08-24,2028-12-03
LOAN-2161,India,South Asia,Investment,Cancelled,2002-12-30,154540898.4,100930929.59,130526155.02,36605383.48,114714026.61,2002-11-15,2003-04-12,2014-08-08
LOAN-2162,Mexico,Latin America,Investment,Repaying,2015-09-20,237786771.01,0.0,125445459.35,47306530.29,117362586.52,2015-07-15,2016-03-09,2019-09-09
LOAN-2163,Bangladesh,South Asia,Infrastructure,Repaying,2012-05-10,436957481.88,0.0,379604095.77,229692967.41,89302450.65,2012-04-28,2013-05-01,2015-10-22
LOAN-2164,Peru,Africa,Investment,Fully Repaid,2013-05-27,316923369.1,0.0,316923369.1,170695512.72,71033898.39,2012-12-30,2014-05-04,2024-05-31
LOAN-2165,Morocco,South Asia,Infrastructure,Disbursing,2017-02-10,528734993.69,0.0,528734993.69,342623520.64,373512468.24,2017-01-03,2018-01-26,2028-05-24
LOAN-2166,Colombia,Europe & Central Asia,Health,Effective,2010-01-28,105231325.71,0.0,101843775.37,79331771.69,43721309.58,2009-12-23,2010-04-13,2019-01-11
LOAN-2167,Philippines,East Asia,Infrastructure,Effective,2012-05-16,502841924.71,0.0,502841924.71,190831882.53,265774550.19,2011-11-25,2013-03-02,2020-07-26
LOAN-2168,Colombia,Africa,Agriculture,Repaying,2022-03-15,589936533.55,0.0,275190460.5,25047253.5,386109695.64,2021-10-05,2022-11-22,2028-12-25
LOAN-2169,Indonesia,East Asia,Investment,Disbursing&Repaying,2017-02-28,338599102.39,0.0,338599102.39,114527796.29,148721220.95,2016-09-17,2017-05-24,2020-03-11
LOAN-2170,Indonesia,South Asia,Education,Cancelled,2018-12-03,580204113.16,366093362.28,342837651.34,178998915.67,337666592.08,2018-11-13,2019-06-28,2029-08-13
LOAN-2171,Egypt,Europe & Central Asia,Climate,Disbursing&Repaying,2019-05-15,518729703.58,0.0,222960914.84,80003608.37,339205365.1,2019-04-29,2019-10-02,2032-11-26
LOAN-2172,Mexico,South Asia,Infrastructure,Disbursing,2020-06-25,380160158.45,0.0,252110734.67,66317516.83,136518529.78,2020-03-16,2021-07-09,2029-01-07
LOAN-2173,Ghana,Latin America,Agriculture,Disbursing&Repaying,2011-10-21,169596323.34,0.0,169596323.34,49532499.41,97403971.66,2011-08-19,2012-08-31,2024-11-24
LOAN-2174,Vietnam,East Asia,Infrastructure,Disbursing,2014-12-21,453224896.81,0.0,453224896.81,70182878.44,192564972.67,2014-07-07,2015-10-22,2020-11-23
LOAN-2175,Vietnam,Africa,Education,Fully Repaid,2008-05-08,65272409.76,0.0,63807209.54,36721467.92,18582615.04,2008-03-08,2008-10-20,2020-01-22
LOAN-2176,Ghana,Africa,Investment,Effective,2000-09-17,484509012.44,0.0,484509012.44,329123949.65,372820601.12,2000-07-21,2001-08-10,2008-06-30
LOAN-2177,Peru,Europe & Central Asia,Investment,Disbursing,2008-11-28,181241197.59,0.0,153681118.98,24607004.73,93131375.62,2008-10-26,2009-12-27,2018-10-21
LOAN-2178,Nigeria,Latin America,Health,Disbursing,2013-03-08,430953419.75,0.0,356080521.55,127149612.03,319312240.46,2012-10-04,2013-05-19,2021-04-07
LOAN-2179,Philippines,East Asia,Agriculture,Disbursing,2022-03-07,496549750.11,0.0,296302594.14,41337362.71,394512729.32,2021-09-01,2022-07-27,2028-07-02
LOAN-2180,Philippines,East Asia,Education,Disbursing,2021-09-04,390497555.72,0.0,223667033.12,2499818.81,90892270.0,2021-05-11,2022-07-15,2034-11-10
LOAN-2181,Pakistan,East Asia,Climate,Fully Repaid,2011-09-24,115704535.76,0.0,94282663.73,33909245.68,55722453.79,2011-06-13,2012-03-06,2022-03-23
LOAN-2182,Ghana,Africa,Infrastructure,Disbursing&Repaying,2006-01-12,540531451.6,0.0,540531451.6,155748327.48,171783937.92,2005-07-07,2006-06-17,2018-12-04
LOAN-2183,Morocco,South Asia,Health,Effective,2004-09-13,588701559.87,0.0,588701559.87,268864977.45,239485726.89,2004-07-07,2005-10-16,2013-05-02
LOAN-2184,Jordan,Latin America,Investment,Fully Repaid,2019-07-26,281845429.24,0.0,242220025.74,11597812.09,144897990.95,2019-06-03,2019-09-05,2032-12-11
LOAN-2185,Egypt,Europe & Central Asia,Investment,Disbursing,2015-11-24,391915154.34,0.0,391915154.34,168117414.91,227205662.44,2015-05-14,2016-05-13,2029-06-30
LOAN-2186,Nigeria,South Asia,Climate,Fully Repaid,2009-08-26,429599252.09,0.0,340520924.85,215820812.91,325232888.59,2009-04-23,2010-03-02,2022-07-19
LOAN-2187,Nepal,Africa,Investment,Cancelled,2014-02-08,143375787.8,112196301.62,143375787.8,65545594.73,50949518.08,2014-01-16,2015-03-09,2022-12-18
LOAN-2188,Indonesia,South Asia,Agriculture,Repaying,2008-01-17,370241023.66,0.0,305011065.39,200496677.79,221928857.28,2007-12-31,2009-01-13,2019-12-19
LOAN-2189,Indonesia,Africa,Education,Fully Repaid,2018-04-13,58017906.96,0.0,58017906.96,29972201.62,44196441.26,2017-10-07,2019-01-10,2022-03-17
LOAN-2190,Vietnam,Latin America,Agriculture,Fully Repaid,2004-01-26,62038663.44,0.0,42442235.47,27016038.65,44003924.66,2003-11-11,2004-09-17,2009-05-22
LOAN-2191,Philippines,Africa,Investment,Cancelled,2011-07-25,591453433.71,430330137.13,536096858.63,163910624.64,363070515.72,2011-06-30,2012-06-04,2013-09-16
LOAN-2192,Ghana,South Asia,Investment,Fully Repaid,2013-09-26,105265301.51,0.0,105265301.51,50128270.3,5631248.31,2013-04-24,2014-08-10,2022-12-18
LOAN-2193,Kenya,Latin America,Climate,Effective,2004-05-07,117146846.87,0.0,105045333.63,17186260.58,25043698.96,2004-03-19,2005-04-09,2013-07-24
LOAN-2194,Mexico,East Asia,Health,Fully Repaid,2001-05-12,425288701.79,0.0,425288701.79,67936812.39,68742524.12,2001-04-23,2002-03-13,2004-11-17
LOAN-2195,Nepal,Africa,Agriculture,Disbursing,2022-04-28,69126079.4,0.0,65422694.05,34745711.13,12134321.6,2021-11-15,2022-08-15,2030-09-16
LOAN-2196,Egypt,Europe & Central Asia,Agriculture,Disbursing,2015-03-06,499903224.34,0.0,499903224.34,424722773.66,275711030.48,2014-11-23,2015-06-16,2021-05-14
LOAN-2197,Tanzania,Latin America,Health,Fully Repaid,2004-06-06,477462106.13,0.0,206871109.78,10914885.19,375647716.33,2004-05-04,2005-06-10,2012-06-09
LOAN-2198,Peru,Europe & Central Asia,Infrastructure,Repaying,2012-09-03,347176641.58,0.0,286608394.15,101679035.04,159626903.96,2012-07-21,2013-05-20,2017-12-08
LOAN-2199,Nepal,East Asia,Health,Effective,2021-09-18,245521661.0,0.0,172271147.13,76043724.57,102733519.41,2021-06-01,2022-03-23,2033-09-11
