Loan Number,Loan Status,loan_age_years,repayment_ratio,hazard_score,expected_repayment_years,event_observed
LOAN-1000,Disbursing&Repaying,2.2258726899383983,0.12558413568432236,1.0,7.597952011516787,0
LOAN-1001,Disbursing&Repaying,2.245037645448323,0.023882372732754932,1.0,8.12562578178455,0
LOAN-1002,Effective,22.105407255304584,0.13993154982689274,1.0,27.40574950617012,0
LOAN-1003,Fully Repaid,23.15400410677618,0.413482391772101,1.0,27.086592147915677,1
LOAN-1004,Repaying,22.16016427104723,0.26044916742866603,1.0,26.857918433903897,0
LOAN-1005,Disbursing,19.014373716632445,0.6316382820863825,1.0,21.856182306200534,0
LOAN-1006,Effective,24.18069815195072,0.6193457625576084,1.0,27.083969339162675,0
LOAN-1007,Disbursing&Repaying,4.295687885010267,0.7887308638390534,0.3020237630292628,6.352033565815,0
LOAN-1008,Cancelled,8.774811772758385,0.2364674476952214,1.0,13.592474534282278,0
LOAN-1009,Cancelled,23.84120465434634,0.14398380154432555,1.0,29.12128564662471,0
LOAN-1010,Disbursing&Repaying,11.430527036276523,0.7963096050838535,0.4365192515280319,13.448979010857254,0
LOAN-1011,Repaying,3.917864476386037,0.23705014568141988,1.0,8.732613747978938,0
LOAN-1012,Disbursing,12.150581793292266,0.8581497729032277,0.3142065057704138,13.859832928776129,0
LOAN-1013,Fully Repaid,23.586584531143053,0.8522545009560692,0.4962266692734895,25.325312026362706,1
LOAN-1014,Cancelled,17.66735112936345,0.3808241461652853,1.0,21.763230398537022,0
LOAN-1015,Cancelled,16.366872005475702,0.057623306715978005,1.0,22.07875547189581,0
LOAN-1016,Disbursing&Repaying,4.914442162902122,0.06377161490380098,1.0,10.595584088383116,0
LOAN-1017,Fully Repaid,10.798083504449007,0.1713689229166891,1.0,15.941238889865563,1
LOAN-1018,Repaying,2.6338124572210813,0.7755052827083346,0.2836224155899767,4.756286043679408,0
LOAN-1019,Cancelled,22.297056810403834,0.3988176705221942,1.0,26.302968457792865,0
LOAN-1020,Repaying,9.689253935660506,0.7781853546320302,0.4367364879298439,11.798327162500355,0
LOAN-1021,Fully Repaid,19.745379876796715,0.7050253756333876,0.8774132255800302,22.22025299862978,1
LOAN-1022,Cancelled,19.627652292950035,0.525759835013498,1.0,22.998853117882547,0
LOAN-1023,Disbursing,23.01163586584531,0.512707869151603,1.0,26.448096520087294,0
LOAN-1024,Fully Repaid,20.8186173853525,0.6445726207093686,1.0,23.595754281805657,1
LOAN-1025,Cancelled,17.127994524298426,0.5066942813313063,1.0,20.594523117641895,0
LOAN-1026,Disbursing&Repaying,2.9623545516769334,0.6331859325791089,0.47547739964523167,5.796424888781389,0
LOAN-1027,Effective,17.242984257357975,0.6681750156130165,0.9039902825852647,19.902109179292893,0
LOAN-1028,Effective,24.711841204654345,0.045719004265454985,1.0,30.48324618332707,0
LOAN-1029,Disbursing&Repaying,20.00273785078713,0.008702729653385017,1.0,25.959224202520204,0
LOAN-1030,Disbursing,10.639288158795345,0.8090833398096541,0.3940383963983361,12.593871459747074,0
LOAN-1031,Repaying,19.40041067761807,0.5585953591214561,1.0,22.60743388201079,0
LOAN-1032,Disbursing&Repaying,21.83983572895277,0.7296743849041858,0.8607123177978839,24.19146380443184,0
LOAN-1033,Disbursing&Repaying,18.026009582477755,0.7841907322613759,0.6048272605630185,20.105055921170877,0
LOAN-1034,Disbursing,21.516769336071185,0.8830347184770352,0.3686367798087911,23.10159574368601,0
LOAN-1035,Cancelled,21.503080082135522,0.7077853603742125,0.9205661193303557,23.96415328026446,0
LOAN-1036,Disbursing&Repaying,17.8507871321013,0.6181714322246147,1.0,20.759929970978227,0
LOAN-1037,Fully Repaid,13.426420260095824,0.2783561960033366,1.0,18.03463928007914,1
LOAN-1038,Effective,17.2621492128679,0.4931434918211788,1.0,20.796431753762008,0
LOAN-1039,Disbursing&Repaying,19.077344284736483,0.4258675673164188,1.0,22.948006448154388,0
LOAN-1040,Repaying,20.079397672826833,0.6055161035058025,1.0,23.05181715529782,0
LOAN-1041,Fully Repaid,8.763860369609857,0.17499171306402395,1.0,13.888901804289738,1
LOAN-1042,Cancelled,15.512662559890487,0.6263205987786905,0.9533556468941198,18.381059565997035,0
LOAN-1043,Cancelled,7.5482546201232035,0.3983160827247483,1.0,11.556674206499462,0
LOAN-1044,Repaying,14.3709787816564,0.6999073517944219,0.7313551561949223,16.871442022684292,0
LOAN-1045,Fully Repaid,19.835728952772072,0.07251989187722412,1.0,25.47312949338595,1
LOAN-1046,Cancelled,25.812457221081452,0.1861509505495469,1.0,30.881702468333717,0
LOAN-1047,Fully Repaid,16.84599589322382,0.7198813538324341,0.752006402462989,19.24658912406165,1
LOAN-1048,Repaying,2.729637234770705,0.651763239862075,0.44329276283676455,5.470821035460331,0
LOAN-1049,Fully Repaid,12.005475701574264,0.4155285996436844,1.0,15.927832703355843,1
LOAN-1050,Disbursing,2.4941820670773445,0.2270443785939931,0.9657448263617556,7.358960174107379,0
LOAN-1051,Repaying,5.448323066392882,0.018342015573635954,1.0,11.356612988524702,0
LOAN-1052,Disbursing,19.342915811088297,0.5465227445027975,1.0,22.610302088574308,0
LOAN-1053,Disbursing,15.797399041752225,0.3569889973536513,1.0,20.01245405498397,0
LOAN-1054,Disbursing,7.846680355920602,0.06206106288439345,1.0,13.536375041498635,0
LOAN-1055,Cancelled,5.002053388090349,0.8689263581438093,0.19663737728980074,6.657421597371303,0
LOAN-1056,Fully Repaid,9.689253935660506,0.7934680655784734,0.40664597026486204,11.721913607768139,1
LOAN-1057,Disbursing&Repaying,14.297056810403832,0.30630495882235864,1.0,18.76553201629204,0
LOAN-1058,Disbursing&Repaying,4.673511293634497,0.6823481881212651,0.46610674490460774,7.261770353028171,0
LOAN-1059,Cancelled,11.268993839835728,0.5234000267872061,1.0,14.651993705899699,0
LOAN-1060,Disbursing&Repaying,2.652977412731006,0.6491558981324981,0.44392224963193977,5.407197922068516,0
LOAN-1061,Disbursing,17.982203969883642,0.47217318220820215,1.0,21.621338058842632,0
LOAN-1062,Effective,21.026694045174537,0.04096413089932427,1.0,26.821873390677915,0
LOAN-1063,Fully Repaid,21.571526351813826,0.8689478788647512,0.41375154958826044,23.22678695749007,1
LOAN-1064,Disbursing,8.021902806297057,0.27345196065946603,1.0,12.654643002999727,0
LOAN-1065,Effective,23.98904859685147,0.7741499992222843,0.767642665203272,26.11829860074005,0
LOAN-1066,Disbursing,8.36413415468857,0.15643219346666823,1.0,13.581973187355228,0
LOAN-1067,Disbursing&Repaying,16.21902806297057,0.6326888022742839,0.9630542601013882,19.055584051599148,0
LOAN-1068,Disbursing,24.01368925393566,0.8175703006899911,0.6205107103019561,25.925837750485705,0
LOAN-1069,Cancelled,2.4668035592060233,0.6297603164143665,0.4615705405084688,5.318001977134191,0
LOAN-1070,Cancelled,25.760438056125942,0.8657199919804123,0.48019119089605616,27.43183809622388,0
LOAN-1071,Disbursing&Repaying,4.632443531827516,0.16334023249328816,1.0,9.815742369361075,0
LOAN-1072,Effective,8.725530458590006,0.29682329721406153,1.0,13.241413972519698,0
LOAN-1073,Disbursing,2.351813826146475,0.36375755131200344,0.7858748274485685,6.533026069586457,0
LOAN-1074,Effective,2.0533880903490758,0.3978368601486759,0.7258106018331154,6.064203789605696,0
LOAN-1075,Cancelled,26.075290896646134,0.2153677161033784,1.0,30.998452316129242,0
LOAN-1076,Fully Repaid,5.508555783709788,0.45798481355419607,0.8405872754612611,9.218631715938807,1
LOAN-1077,Effective,8.0766598220397,0.7913936296186908,0.3770906394093345,10.119691673946246,0
LOAN-1078,Fully Repaid,2.529774127310062,0.5939466777580388,0.5087756411335621,5.560040738519868,1
LOAN-1079,Cancelled,9.51129363449692,0.1697871363130328,1.0,14.662357952931755,0
LOAN-1080,Fully Repaid,25.02943189596167,0.7386727965281306,0.915414347657997,27.33606791332102,1
LOAN-1081,Disbursing&Repaying,19.76454483230664,0.013812838171315556,1.0,25.69548064145006,0
LOAN-1082,Effective,4.802190280629706,0.7734079657469526,0.33540584070885715,6.935150451894943,0
LOAN-1083,Disbursing&Repaying,22.182067077344286,0.3905743247290685,1.0,26.229195453698942,0
LOAN-1084,Repaying,2.863791923340178,0.32261700805165544,0.8713713860833119,7.2507068830819,0
LOAN-1085,Cancelled,20.27104722792608,0.5577393317977741,1.0,23.482350568937207,0
LOAN-1086,Effective,13.270362765229295,0.1421780598661505,1.0,18.559472465898544,0
LOAN-1087,Cancelled,10.587268993839835,0.43488725495525776,1.0,14.412832719063546,0
LOAN-1088,Cancelled,4.407939767282683,0.7004804542519897,0.43154595742612023,6.905537496022735,0
LOAN-1089,Repaying,22.33264887063655,0.6488355389936119,1.0,25.08847117566849,0
LOAN-1090,Disbursing&Repaying,8.05201916495551,0.08112003816467508,1.0,13.646418974132136,0
LOAN-1091,Fully Repaid,13.451060917180014,0.1480899783305274,1.0,18.710611025527378,1
LOAN-1092,Fully Repaid,10.283367556468173,0.6086913522285753,0.7937057130772348,13.239910795325297,1
LOAN-1093,Disbursing&Repaying,10.026009582477755,0.6051067176103803,0.7908136657190619,13.000475994425853,0
LOAN-1094,Disbursing,5.864476386036961,0.8237303178726474,0.2796426209683627,7.745824796673724,0
LOAN-1095,Repaying,2.5763175906913074,0.8963346373850084,0.13037285234003118,4.0946444037662655,0
LOAN-1096,Fully Repaid,8.383299110198495,0.7968724054895334,0.3734155327421021,10.398937082750827,1
LOAN-1097,Effective,2.2669404517453797,0.32641743485722496,0.8262797215940325,6.634853277459255,0
LOAN-1098,Repaying,25.73305954825462,0.7417719737373688,0.9227277439470858,28.024199679567776,0
LOAN-1099,Repaying,11.950718685831623,0.5277447752120843,1.0,15.311994809771202,0
LOAN-1100,Repaying,26.023271731690624,0.09893371309102544,1.0,31.5286031662355,0
LOAN-1101,Disbursing,5.327857631759069,0.37886450120708853,0.9520676495529403,9.433535125723626,0
LOAN-1102,Disbursing&Repaying,3.299110198494182,0.6545186974636025,0.4594593913950858,6.0265167111761695,0
LOAN-1103,Fully Repaid,23.392197125256672,0.09716564672065219,1.0,28.90636889165341,1
LOAN-1104,Cancelled,2.891170431211499,0.4935207906701899,0.6529109807335827,6.4235664778605495,0
LOAN-1105,Effective,6.346338124572211,0.40639942435764287,0.9703195720390673,10.314341002783996,0
LOAN-1106,Disbursing,22.598220396988363,0.1373750322769577,1.0,27.911345235603576,0
LOAN-1107,Disbursing,8.262833675564682,0.5054277725942983,0.9032290329663883,11.735694812593191,0
LOAN-1108,Fully Repaid,16.629705681040384,0.45667129230343084,1.0,20.34634921952323,1
LOAN-1109,Cancelled,25.51129363449692,0.7606396451927994,0.8499995844015868,27.708095408532923,0
LOAN-1110,Repaying,8.711841204654347,0.3058421910931466,1.0,13.182630249188612,0
LOAN-1111,Disbursing&Repaying,12.139630390143736,0.30680638361053586,1.0,16.605598472091057,0
LOAN-1112,Fully Repaid,4.903490759753593,0.0734233747545064,1.0,10.53637388598106,1
LOAN-1113,Fully Repaid,3.052703627652293,0.2549218230161405,0.972528462360178,7.77809451257159,1
LOAN-1114,Effective,13.705681040383299,0.850791678520214,0.35370848775707797,15.451722647782228,0
LOAN-1115,Disbursing&Repaying,10.803559206023271,0.2070996445317346,1.0,15.768060983364599,0
LOAN-1116,Disbursing&Repaying,7.953456536618754,0.5181832446606803,0.8650276175599148,11.362540313315353,0
LOAN-1117,Disbursing,7.099247091033539,0.7488233217664336,0.42949320846207767,9.355130482201371,0
LOAN-1118,Repaying,23.263518138261464,0.3055619530379226,1.0,27.73570837307185,0
LOAN-1119,Repaying,16.09034907597536,0.654641195102938,0.9010531776226018,18.817143100460672,0
LOAN-1120,Disbursing&Repaying,4.525667351129363,0.06781794618631204,1.0,10.186577620197802,0
LOAN-1121,Effective,24.16974674880219,0.39798725751846886,1.0,28.179810461209847,0
LOAN-1122,Disbursing,3.9452429842573578,0.25836932960898834,1.0,8.653396336212417,0
LOAN-1123,Cancelled,19.923340177960302,0.16941551856548495,1.0,25.076262585132877,0
LOAN-1124,Cancelled,19.57015742642026,0.891887420138712,0.3196906006274718,21.1107203257267,0
LOAN-1125,Cancelled,9.349760438056126,0.3011844126197663,1.0,13.843838374957295,0
LOAN-1126,Disbursing&Repaying,9.1088295687885,0.31483870876826964,1.0,13.534636024947153,0
LOAN-1127,Disbursing&Repaying,3.077344284736482,0.7318663054407843,0.3506476638089236,5.41801275753256,0
LOAN-1128,Fully Repaid,18.078028747433265,0.8560523814734994,0.40417653711116414,19.79776684006577,1
LOAN-1129,Disbursing&Repaying,11.58384668035592,0.6647796027137433,0.7235345659154565,14.259948666787205,0
LOAN-1130,Disbursing&Repaying,7.058179329226557,0.5622664319951972,0.7466937701448114,10.246847169250572,0
LOAN-1131,Effective,5.650924024640657,0.40403516673701095,0.9327400326756679,9.630748190955602,0
LOAN-1132,Repaying,17.73305954825462,0.4526160223448811,1.0,21.469979436530213,0
LOAN-1133,Effective,22.926762491444215,0.7613030490610047,0.7859517811000213,25.120247246139193,0
LOAN-1134,Disbursing,8.07939767282683,0.7350329301792833,0.479044502549241,10.404233021930414,0
LOAN-1135,Disbursing&Repaying,11.649555099247092,0.025368790972693317,1.0,17.522711144383624,0
LOAN-1136,Disbursing,15.208761122518823,0.5538134314406343,1.0,18.43969396531565,0
LOAN-1137,Disbursing&Repaying,6.184804928131417,0.10966351063025752,1.0,11.63648737498013,0
LOAN-1138,Effective,15.898699520876113,0.26214478900516475,1.0,20.58797557585029,0
LOAN-1139,Cancelled,25.776865160848732,0.45659492687136977,1.0,29.49389052649188,0
LOAN-1140,Disbursing&Repaying,22.039698836413415,0.06080360196062137,1.0,27.735680826610306,0
LOAN-1141,Fully Repaid,5.223819301848049,0.15758021434496924,1.0,10.435918230123203,1
LOAN-1142,Effective,3.57015742642026,0.17952285031093718,1.0,8.672543174865574,0
LOAN-1143,Effective,21.10609171800137,0.043023630805629376,1.0,26.890973563973223,0
LOAN-1144,Cancelled,14.726899383983573,0.447771053231192,1.0,18.488044117827613,0
LOAN-1145,Cancelled,7.575633127994524,0.5948272993313277,0.7121166740431325,10.601496631337886,0
LOAN-1146,Disbursing,8.46817248459959,0.8820245512750294,0.21787909360007912,10.058049728224443,0
LOAN-1147,Repaying,10.258726899383984,0.39435554244377086,1.0,14.28694918716513,0
LOAN-1148,Cancelled,10.22861054072553,0.6867760246211775,0.6336085809956002,12.794730417619643,0
LOAN-1149,Effective,6.672142368240931,0.505505439688475,0.8244283709834448,10.144615169798556,0
LOAN-1150,Disbursing,12.353182751540041,0.155390727520339,1.0,17.576229113938346,0
LOAN-1151,Disbursing&Repaying,18.88021902806297,0.141754724365172,1.0,24.171445406237112,0
LOAN-1152,Fully Repaid,20.867898699520875,0.3248068719915152,1.0,25.2438643395633,1
LOAN-1153,Effective,23.362080766598222,0.7410054595566433,0.8640596776379255,25.657053468815004,0
LOAN-1154,Repaying,7.282683093771389,0.5758145364331763,0.7331062939809925,10.403610411605507,0
LOAN-1155,Cancelled,13.949349760438055,0.6383989192622247,0.866011075634138,16.75735516412693,0
LOAN-1156,Cancelled,19.772758384668034,0.5768886845775437,1.0,22.888314961780317,0
LOAN-1157,Repaying,8.002737850787133,0.6939201319739305,0.5510275625476851,10.533137190917481,0
LOAN-1158,Fully Repaid,13.347022587268993,0.22039011958865598,1.0,18.245071989325712,1
LOAN-1159,Disbursing&Repaying,12.366872005475702,0.3061733115030828,1.0,16.83600544796029,0
LOAN-1160,Repaying,20.369609856262834,0.41982531032550024,1.0,24.27048330463533,0
LOAN-1161,Disbursing&Repaying,12.66255989048597,0.7321300617980064,0.6070618517363454,15.001909581495937,0
LOAN-1162,Fully Repaid,15.890485968514716,0.08104418554759756,1.0,21.485265040776728,1
LOAN-1163,Cancelled,26.324435318275153,0.5888340332014776,1.0,29.380265152267764,0
LOAN-1164,Disbursing,9.360711841204655,0.17518977171837777,1.0,14.484762982612764,0
LOAN-1165,Effective,20.21902806297057,0.715407505526925,0.860010857699265,22.641990535335943,0
LOAN-1166,Fully Repaid,20.008213552361397,0.2997366346029574,1.0,24.50953037934661,1
LOAN-1167,Cancelled,3.8247775496235454,0.7583417346312611,0.3340871761750711,6.03306887646724,0
LOAN-1168,Disbursing&Repaying,25.49486652977413,0.37488624242825785,1.0,29.62043531763284,0
LOAN-1169,Fully Repaid,20.060232717316907,0.6490645517322495,1.0,22.814909958655658,1
LOAN-1170,Fully Repaid,4.180698151950718,0.13628813244062285,1.0,9.499257489747604,1
LOAN-1171,Repaying,6.069815195071868,0.4305338850027205,0.9151215227861826,9.917145770058266,0
LOAN-1172,Effective,13.724845995893224,0.25110575632837706,1.0,18.46931721425134,0
LOAN-1173,Disbursing,2.324435318275154,0.7158648204158681,0.3501805642431129,4.745111216195814,0
LOAN-1174,Effective,5.19917864476386,0.3117271626545112,1.0,9.640542831491302,0
LOAN-1175,Disbursing&Repaying,2.869267624914442,0.5281474487036728,0.6072396762131105,6.228530381396078,0
LOAN-1176,Cancelled,19.60574948665298,0.6130727879176243,1.0,22.540385547064858,0
LOAN-1177,Repaying,2.6858316221765914,0.6918524942596331,0.39091073726159886,5.226569150878426,0
LOAN-1178,Repaying,13.705681040383299,0.7525828782910137,0.5865191371162924,15.942766648928231,0
LOAN-1179,Repaying,4.071184120465435,0.48897043522072114,0.719079109701055,7.626331944361829,0
LOAN-1180,Effective,13.456536618754278,0.6467383561043754,0.8286294686039053,16.2228448382324,0
LOAN-1181,Repaying,5.2731006160164275,0.6023302680904687,0.607364982739855,8.261449275564084,0
LOAN-1182,Cancelled,26.17659137577002,0.29666277297767674,1.0,30.693277510881636,0
LOAN-1183,Disbursing&Repaying,12.739219712525667,0.4522684241339756,1.0,16.477877591855787,0
LOAN-1184,Cancelled,9.930184804928132,0.43036370973420707,1.0,13.778366256257097,0
LOAN-1185,Disbursing,21.65639972621492,0.40207317972650636,1.0,25.64603382758239,0
LOAN-1186,Disbursing&Repaying,4.763860369609857,0.3976564974124916,0.8892915366743707,8.775577882547399,0
LOAN-1187,Effective,25.713894592744694,0.0519631028294811,1.0,31.45407907859729,0
LOAN-1188,Disbursing,5.514031485284052,0.4870471536791434,0.7957966608287841,9.078795716888335,0
LOAN-1189,Fully Repaid,9.839835728952773,0.403683419410205,1.0,13.821418631901746,1
LOAN-1190,Repaying,26.535249828884325,0.35375276860766375,1.0,30.766485985846007,0
LOAN-1191,Repaying,21.6290212183436,0.41456275066152465,1.0,25.556207465035975,0
LOAN-1192,Disbursing,15.71252566735113,0.40179695969061474,1.0,19.703540868898056,0
LOAN-1193,Effective,16.186173853524984,0.050799631524992346,1.0,21.93217569590002,0
LOAN-1194,Effective,23.956194387405887,0.46912594884048564,1.0,27.61056464320346,0
LOAN-1195,Cancelled,12.39151266255989,0.578984458628786,0.9427174825748045,15.49659036941596,0
LOAN-1196,Fully Repaid,24.10403832991102,0.2706627769005078,1.0,28.75072444540848,1
LOAN-1197,Fully Repaid,10.04517453798768,0.2972366942749533,1.0,14.558991066612913,1
LOAN-1198,Cancelled,16.955509924709105,0.035592798770555795,1.0,22.777545930856327,0
LOAN-1199,Repaying,17.516769336071185,0.8996148063306627,0.27622762189559874,19.01869530441787,0
LOAN-1200,Fully Repaid,5.7850787132101305,0.2775800558611554,1.0,10.397178433904354,1
LOAN-1201,Disbursing,14.992470910335387,0.7776763573243127,0.5556417172251913,17.104089123713823,0
LOAN-1202,Cancelled,11.548254620123203,0.512810561390186,1.0,14.984201813172273,0
LOAN-1203,Repaying,2.3709787816563996,0.12596267572598177,1.0,7.741165403026491,0
LOAN-1204,Disbursing&Repaying,19.915126625598905,0.7582902451640375,0.7230777922560285,22.12367539977872,0
LOAN-1205,Fully Repaid,25.984941820670773,0.554867424976365,1.0,29.21060469578895,1
LOAN-1206,Disbursing&Repaying,7.3757700205338805,0.8797314133900253,0.20897593016295818,8.977112953583754,0
LOAN-1207,Fully Repaid,23.145790554414784,0.7336929515888317,0.882695764980098,25.477325796470627,1
LOAN-1208,Disbursing&Repaying,25.267624914442163,0.07255522673469318,1.0,30.904848780768695,0
LOAN-1209,Fully Repaid,11.83025325119781,0.154245218017376,1.0,17.05902716111093,1
LOAN-1210,Disbursing,14.113620807665983,0.5101057322894738,1.0,17.563092146218615,0
LOAN-1211,Fully Repaid,23.238877481177276,0.1297724046807268,1.0,28.590015457773642,1
LOAN-1212,Disbursing&Repaying,23.173169062286107,0.12595553479115673,1.0,28.543391388330324,0
LOAN-1213,Cancelled,8.895277207392198,0.5446518689544506,0.8603929161973605,12.172017862619946,0
LOAN-1214,Fully Repaid,22.844626967830255,0.16716406129617828,1.0,28.008806661349364,1
LOAN-1215,Effective,10.510609171800137,0.5705107938329077,0.8809085251199924,13.658055202635598,0
LOAN-1216,Cancelled,3.704312114989733,0.07856750912181999,1.0,9.311474569380632,0
LOAN-1217,Fully Repaid,22.8911704312115,0.34671412564055787,1.0,27.157599803008708,1
LOAN-1218,Repaying,23.852156057494867,0.242027067187282,1.0,28.642020721558456,0
LOAN-1219,Fully Repaid,17.919233401779604,0.8498000660646043,0.4193467012474188,19.670233071456583,1
LOAN-1220,Effective,7.3730321697467485,0.723668815754603,0.48007105533994987,9.754688090973733,0
LOAN-1221,Effective,13.61533196440794,0.28276495306470173,1.0,18.201507199084432,0
LOAN-1222,Cancelled,17.727583846680357,0.3536416167586462,1.0,21.959375762887127,0
LOAN-1223,Disbursing,8.336755646817249,0.7179169689061577,0.5172487613281338,10.74717080228646,0
LOAN-1224,Cancelled,5.193702943189596,0.7101690868972867,0.4403604797436022,7.6428575087031625,0
LOAN-1225,Disbursing&Repaying,22.87748117727584,0.8059513638180907,0.6379830383546768,24.847724358185385,0
LOAN-1226,Effective,7.381245722108145,0.6097247062806226,0.6783470779404428,10.332622190705031,0
LOAN-1227,Effective,9.144421629021219,0.6188979679231782,0.7295977985755445,12.049931789405328,0
LOAN-1228,Disbursing,21.4839151266256,0.2658889984750775,1.0,26.15447013425021,0
LOAN-1229,Disbursing&Repaying,6.395619438740589,0.3134702669655085,1.0,10.828268103913047,0
LOAN-1230,Disbursing&Repaying,15.748117727583846,0.6094253995913227,1.0,18.700990729627232,0
LOAN-1231,Repaying,7.304585900068446,0.717980209448124,0.48802356911242495,9.714684852827826,0
LOAN-1232,Disbursing&Repaying,23.88227241615332,0.1933164945817629,1.0,28.915689943244505,0
LOAN-1233,Disbursing&Repaying,12.632443531827516,0.6036312853155006,0.8970792552879986,15.614287105250012,0
LOAN-1234,Effective,22.888432580424368,0.15527476168474996,1.0,28.11205877200062,0
LOAN-1235,Cancelled,20.50650239561944,0.12722268893310912,1.0,25.870388950953892,0
LOAN-1236,Cancelled,24.28473648186174,0.16838872190141868,1.0,29.442792872354644,0
LOAN-1237,Fully Repaid,4.769336071184121,0.616227003486593,0.566807236055188,7.688201053751156,1
LOAN-1238,Cancelled,4.470910335386721,0.25980327888681803,1.0,9.17189394095263,0
LOAN-1239,Repaying,7.619438740588638,0.6840037178056164,0.5567677136377701,10.199420151560556,0
LOAN-1240,Disbursing,16.060232717316907,0.7350557266341496,0.6904509421034488,18.38495408414616,0
LOAN-1241,Cancelled,10.954140999315538,0.7321768789417685,0.5612003441530936,13.293256604606695,0
LOAN-1242,Disbursing,20.607802874743328,0.46297348951026746,1.0,24.292935427191992,0
LOAN-1243,Fully Repaid,4.733744010951403,0.22279926609897285,1.0,9.61974768045654,1
LOAN-1244,Cancelled,14.209445585215606,0.7921125731775711,0.5032839347508083,16.248882719327753,0
LOAN-1245,Fully Repaid,10.620123203285422,0.6594516242812783,0.7022149463998774,13.32286508187903,1
LOAN-1246,Repaying,4.919917864476386,0.2552337684244949,1.0,9.643749022353912,0
LOAN-1247,Fully Repaid,17.61533196440794,0.14218516329759787,1.0,22.90440614791995,1
LOAN-1248,Disbursing&Repaying,19.266255989048595,0.0741784775257807,1.0,24.895363601419692,0
LOAN-1249,Repaying,16.54483230663929,0.0009776733167922227,1.0,22.53994394005533,0
LOAN-1250,Disbursing,16.418891170431213,0.3800825404064638,1.0,20.518478468398893,0
LOAN-1251,Repaying,20.281998631074607,0.6961144353034997,0.9202262254142757,22.80142645455711,0
LOAN-1252,Cancelled,6.844626967830253,0.6734419527398068,0.5500748489441037,9.47741720413122,0
LOAN-1253,Disbursing,15.55920602327173,0.12584716993307968,1.0,20.929970173606332,0
LOAN-1254,Disbursing&Repaying,24.240930869267626,0.16978187097782038,1.0,29.392021514378524,0
LOAN-1255,Effective,12.492813141683778,0.799852075302743,0.45018898709111965,14.493552765170062,0
LOAN-1256,Disbursing,23.66050650239562,0.8590076855416798,0.4745872717612094,25.36546807468722,0
LOAN-1257,Disbursing&Repaying,8.646132785763175,0.45094406894002603,1.0,12.391412441063045,0
LOAN-1258,Repaying,2.628336755646817,0.8288323728915771,0.21615624367901456,4.484174891188932,0
LOAN-1259,Fully Repaid,21.48665297741273,0.05211534962795752,1.0,27.226076229272945,1
LOAN-1260,Effective,3.2306639288158796,0.6313496500183601,0.4877488887847433,6.073915678724079,0
LOAN-1261,Disbursing,11.663244353182751,0.6596422537948922,0.7373253023539811,14.36503308420829,0
LOAN-1262,Cancelled,19.20328542094456,0.45970369150129914,1.0,22.904766963438064,0
LOAN-1263,Effective,9.51129363449692,0.011059265094435737,1.0,15.45599730902474,0
LOAN-1264,Disbursing,9.96577686516085,0.6482591293150783,0.7022779738452543,12.724481218585458,0
LOAN-1265,Fully Repaid,14.026009582477755,0.8586714667092443,0.3395560695121222,15.732652248931533,1
LOAN-1266,Repaying,5.880903490759754,0.7060564955937917,0.4668088425210709,8.350621012790796,0
LOAN-1267,Disbursing&Repaying,26.258726899383984,0.021519230391351122,1.0,32.15113074742723,0
LOAN-1268,Repaying,14.13826146475017,0.37783425782834223,1.0,18.24909017560846,0
LOAN-1269,Disbursing&Repaying,8.999315537303216,0.5226935646250669,0.906849557367378,12.385847714177881,0
LOAN-1270,Disbursing&Repaying,12.054757015742641,0.28350802382852497,1.0,16.637216896600016,0
LOAN-1271,Fully Repaid,5.7850787132101305,0.09807555036624052,1.0,11.294700961378929,1
LOAN-1272,Disbursing&Repaying,13.043121149897331,0.7672339670934928,0.5363655895845635,15.206951314429867,0
LOAN-1273,Disbursing,13.284052019164955,0.8715600037531152,0.29906035539538184,14.92625200039938,0
LOAN-1274,Repaying,21.242984257357975,0.41583892399336697,1.0,25.16378963739114,0
LOAN-1275,Effective,23.326488706365502,0.5802165141306239,1.0,26.425406135712382,0
LOAN-1276,Fully Repaid,24.418891170431213,0.29839490212118447,1.0,28.92691665982529,1
LOAN-1277,Effective,14.13552361396304,0.3185489273850594,1.0,18.54277897703774,0
LOAN-1278,Repaying,7.885010266940451,0.0548811620552723,1.0,13.61060445666409,0
LOAN-1279,Fully Repaid,11.2580424366872,0.32320089885184805,1.0,15.64203794242796,1
LOAN-1280,Effective,24.06297056810404,0.02637311459070695,1.0,29.931104995150505,0
LOAN-1281,Disbursing&Repaying,24.18069815195072,0.4803206080969688,1.0,27.779095111465875,0
LOAN-1282,Cancelled,25.423682409308693,0.6642945909951647,1.0,28.10220945433287,0
LOAN-1283,Cancelled,16.876112251882272,0.03416736706108838,1.0,22.705275416576832,0
LOAN-1284,Disbursing,20.06297056810404,0.7598556777971395,0.721945169048189,22.26369217911834,0
LOAN-1285,Disbursing,11.592060232717317,0.8477308921177081,0.3287803748976577,13.353405772128777,0
LOAN-1286,Cancelled,10.683093771389458,0.8718686067106716,0.2650153622461962,12.3237507378361,0
LOAN-1287,Cancelled,25.23750855578371,0.6318076032963094,1.0,28.078470539302163,0
LOAN-1288,Repaying,22.71047227926078,0.2141963326474264,1.0,27.63949061602365,0
LOAN-1289,Disbursing,26.633812457221083,0.061015302033019324,1.0,32.32873594705599,0
LOAN-1290,Fully Repaid,16.57221081451061,0.4914215709159534,1.0,20.11510295993084,1
LOAN-1291,Fully Repaid,19.471594798083505,0.06678036158592464,1.0,25.13769299015388,1
LOAN-1292,Disbursing&Repaying,19.288158795345655,0.6340541819317261,1.0,22.117887885687026,0
LOAN-1293,Disbursing&Repaying,2.461327857631759,0.6274770333931661,0.4642130821385365,5.323942690665929,0
LOAN-1294,Effective,26.518822724161534,0.75586905439651,0.8915374723975774,28.739477452178985,0
LOAN-1295,Disbursing,12.856947296372347,0.2626303192734594,1.0,17.54379570000505,0
LOAN-1296,Disbursing,14.880219028062971,0.34330066841817414,1.0,19.1637156859721,0
LOAN-1297,Effective,2.401095140314853,0.600721613277755,0.4951489261213987,5.397487073926078,0
LOAN-1298,Fully Repaid,16.12046543463381,0.4819629707672114,1.0,19.710650580797754,1
LOAN-1299,Repaying,21.295003422313485,0.5143368647352552,1.0,24.72331909863721,0
LOAN-1300,Disbursing&Repaying,20.057494866529773,0.6148129221413438,1.0,22.983430255823052,0
LOAN-1301,Disbursing,3.249828884325804,0.7709617625882516,0.3034717453673255,5.395020071384547,0
LOAN-1302,Cancelled,22.16016427104723,0.8456849864921381,0.49627961839017115,23.93173933858654,0
LOAN-1303,Cancelled,8.670773442847365,0.15497975535511116,1.0,13.895874666071808,0
LOAN-1304,Effective,12.7419575633128,0.018209599729916388,1.0,18.650909564663216,0
LOAN-1305,Disbursing&Repaying,7.994524298425736,0.6966278101662086,0.5459038241430785,10.511385247594692,0
LOAN-1306,Effective,24.16974674880219,0.43601429673680264,1.0,27.989675265118176,0
LOAN-1307,Repaying,17.686516084873375,0.791399332134916,0.5775425746161977,19.729519424198795,0
LOAN-1308,Disbursing&Repaying,21.13347022587269,0.7411556624968066,0.8058722474791412,23.427691913388657,0
LOAN-1309,Effective,19.353867214236825,0.42712406014070053,1.0,23.21824691353332,0
LOAN-1310,Repaying,16.591375770020534,0.7018471215523112,0.7928295227715749,19.082140162258977,0
LOAN-1311,Repaying,18.921286789869953,0.6139797583741462,1.0,21.851387997999222,0
LOAN-1312,Fully Repaid,13.136208076659821,0.31383827935527003,1.0,17.567016679883473,1
LOAN-1313,Disbursing&Repaying,14.009582477754963,0.7589555550626409,0.5787376481528188,16.214804702441757,0
LOAN-1314,Disbursing&Repaying,13.286789869952088,0.7753424402189282,0.5231553387318019,15.410077668857447,0
LOAN-1315,Fully Repaid,13.429158110882957,0.12593655773817755,1.0,18.79947532219207,1
LOAN-1316,Repaying,2.707734428473648,0.17092364437412308,1.0,7.8531162066030324,0
LOAN-1317,Disbursing,5.5715263518138265,0.7888453059093535,0.3288000883341689,7.627299822267059,0
LOAN-1318,Fully Repaid,11.827515400410677,0.2009951328227866,1.0,16.822539736296743,1
LOAN-1319,Disbursing,5.508555783709788,0.5252171577611089,0.7363196194010126,8.882469994904245,0
LOAN-1320,Effective,8.334017796030116,0.1357006059829322,1.0,13.655514766115456,0
LOAN-1321,Disbursing,6.412046543463381,0.15914183989366062,1.0,11.616337343995077,0
LOAN-1322,Fully Repaid,9.494866529774127,0.386468750802938,1.0,13.562522775759437,1
LOAN-1323,Disbursing,15.529089664613279,0.4779304070045306,1.0,19.139437629590624,0
LOAN-1324,Effective,13.645448323066393,0.15031816856322994,1.0,18.893857480250244,0
LOAN-1325,Effective,18.236824093086927,0.3084595553372879,1.0,22.694526316400488,0
LOAN-1326,Disbursing&Repaying,25.013004791238878,0.4541701990631055,1.0,28.74215379592335,0
LOAN-1327,Disbursing&Repaying,21.49486652977413,0.5882108565527818,1.0,24.55381224701022,0
LOAN-1328,Effective,7.811088295687885,0.625672826263376,0.666717434289831,10.682724164371004,0
LOAN-1329,Disbursing&Repaying,21.409993155373034,0.747587448405741,0.7928276517905918,23.67205591334433,0
LOAN-1330,Disbursing&Repaying,8.309377138945928,0.470831496868301,0.9688745693889768,11.955219654604424,0
LOAN-1331,Disbursing,21.73579739904175,0.21105473937831562,1.0,26.68052370215017,0
LOAN-1332,Fully Repaid,13.409993155373032,0.8143014456442168,0.43472018864315515,15.338485927151948,1
LOAN-1333,Disbursing,22.428473648186174,0.6090898787949092,1.0,25.383024254211627,0
LOAN-1334,Effective,11.315537303216974,0.2414784587234711,1.0,16.108145009599617,0
LOAN-1335,Repaying,21.61806981519507,0.4304205098660119,1.0,25.46596726586501,0
LOAN-1336,Cancelled,9.656399726214921,0.5120490879590903,0.9591358173847259,13.09615428641947,0
LOAN-1337,Disbursing,3.1485284052019167,0.057002441847223424,1.0,8.863516195965799,0
LOAN-1338,Disbursing&Repaying,15.540041067761807,0.5564151144664269,1.0,18.757965495429673,0
LOAN-1339,Cancelled,5.639972621492129,0.010480380654372195,1.0,11.587570718220269,0
LOAN-1340,Fully Repaid,16.147843942505133,0.20043587084287948,1.0,21.145664588290735,1
LOAN-1341,Disbursing&Repaying,25.89185489390828,0.10683616684538594,1.0,31.35767405968135,0
LOAN-1342,Effective,3.887748117727584,0.5437829477307764,0.6335827508927138,7.1688333790737016,0
LOAN-1343,Cancelled,5.467488021902806,0.7598856956321934,0.3713965126696573,7.668059543741839,0
LOAN-1344,Cancelled,3.274469541409993,0.5702950638167097,0.5704105087158612,6.4229942223264445,0
LOAN-1345,Fully Repaid,17.018480492813143,0.16878906052700962,1.0,22.174535190178094,1
LOAN-1346,Fully Repaid,6.1738535249828885,0.6049275953483672,0.6389843204598278,9.149215548241052,1
LOAN-1347,Fully Repaid,3.887748117727584,0.8417774527439574,0.21973548828371692,5.678860854007796,1
LOAN-1348,Fully Repaid,7.909650924024641,0.7944262771864751,0.3681753614742432,9.937519538092266,1
LOAN-1349,Disbursing&Repaying,3.7097878165639973,0.12003464792507974,1.0,9.109614576938599,0
LOAN-1350,Disbursing&Repaying,20.739219712525667,0.2615215459034446,1.0,25.431611983008445,0
LOAN-1351,Disbursing&Repaying,7.964407939767283,0.5060521903047899,0.8873479954319292,11.434146988243334,0
LOAN-1352,Effective,19.471594798083505,0.04775849952766091,1.0,25.2328023004452,0
LOAN-1353,Cancelled,16.62696783025325,0.32281419360373986,1.0,21.01289686223455,0
LOAN-1354,Effective,24.27652292950034,0.8610317730210831,0.4763347618514852,25.971364064394926,0
LOAN-1355,Cancelled,17.87816563997262,0.5828691470022429,1.0,20.963819904961408,0
LOAN-1356,Effective,14.836413415468858,0.10741843015035041,1.0,20.299321264717108,0
LOAN-1357,Cancelled,24.407939767282684,0.03594653040368913,1.0,30.22820711526424,0
LOAN-1358,Cancelled,23.630390143737166,0.4728555603896634,1.0,27.266112341788848,0
LOAN-1359,Repaying,2.8939082819986313,0.29869516337687463,0.9042560241140614,7.400432465114259,0
LOAN-1360,Disbursing,12.292950034223136,0.5523309873565743,0.9979862930729895,15.531295097440264,0
LOAN-1361,Cancelled,6.702258726899384,0.6934448899562536,0.5120162762003764,9.235034277118116,0
LOAN-1362,Disbursing,23.753593429158112,0.860648585827114,0.47036109777698154,25.45035050002254,0
LOAN-1363,Fully Repaid,23.45516769336071,0.7907735085687992,0.699970735672432,25.501300150516713,1
LOAN-1364,Disbursing,16.479123887748116,0.1601929470066556,1.0,21.678159152714837,0
LOAN-1365,Disbursing&Repaying,23.852156057494867,0.1064751854582591,1.0,29.319780130203572,0
LOAN-1366,Fully Repaid,9.579739904175222,0.27121563891831557,1.0,14.223661709583645,1
LOAN-1367,Effective,20.227241615331966,0.7170933933730698,0.8551486353085896,22.641774648466615,0
LOAN-1368,Fully Repaid,2.595482546201232,0.037595826434768886,1.0,8.407503414027387,1
LOAN-1369,Repaying,15.353867214236825,0.4612974251002489,1.0,19.04738008873558,0
LOAN-1370,Disbursing,17.83436002737851,0.2615874007889327,1.0,22.526423023433846,0
LOAN-1371,Repaying,12.435318275154003,0.2566234294957178,1.0,17.152201127675415,0
LOAN-1372,Effective,15.646817248459959,0.8627930297440813,0.3518922091368427,17.33285209973955,0
LOAN-1373,Effective,12.988364134154688,0.7900972465396661,0.4825320929307854,15.037877901456358,0
LOAN-1374,Disbursing&Repaying,23.260780287474333,0.4847562333624126,1.0,26.83699912066227,0
LOAN-1375,Effective,2.3107460643394937,0.19148461755226664,0.9953427562426373,7.353322976578161,0
LOAN-1376,Fully Repaid,4.210814510609172,0.659904144496122,0.4833039118392549,6.911293788128562,1
LOAN-1377,Repaying,3.6276522929500343,0.725886051228593,0.37355295825042534,5.99822203680707,0
LOAN-1378,Effective,10.119096509240247,0.6853251400767418,0.6330973875827687,12.692470808856537,0
LOAN-1379,Disbursing&Repaying,12.153319644079398,0.7933967831975928,0.45769471013187624,14.186335728091434,0
LOAN-1380,Disbursing&Repaying,23.197809719370294,0.5883077818008559,1.0,26.256270810366015,0
LOAN-1381,Cancelled,26.392881587953458,0.438175406380556,1.0,30.202004556050678,0
LOAN-1382,Disbursing&Repaying,21.38261464750171,0.16821510823155034,1.0,26.54153910634396,0
LOAN-1383,Fully Repaid,25.683778234086244,0.5317118089491266,1.0,29.02521918934061,1
LOAN-1384,Effective,18.614647501711158,0.5150423693140592,1.0,22.039435655140863,0
LOAN-1385,Fully Repaid,19.039014373716633,0.5458733081253064,1.0,22.3096478330901,1
LOAN-1386,Fully Repaid,23.603011635865844,0.651768118260399,1.0,26.34417104456385,1
LOAN-1387,Repaying,22.3709787816564,0.45392357347635837,1.0,26.101360914274608,0
LOAN-1388,Cancelled,26.636550308008214,0.5934533500756075,1.0,29.669283557630177,0
LOAN-1389,Effective,22.308008213552363,0.4339111030813144,1.0,26.13845269814579,0
LOAN-1390,Disbursing&Repaying,26.3709787816564,0.367782034230857,1.0,30.532068610502115,0
LOAN-1391,Repaying,7.578370978781656,0.28431154316349944,1.0,12.156813262964159,0
LOAN-1392,Repaying,8.153319644079398,0.8926188067627124,0.1949325124599138,9.690225610265836,0
LOAN-1393,Disbursing&Repaying,8.83230663928816,0.27598777798743357,1.0,13.45236774935099,0
LOAN-1394,Effective,24.355920602327174,0.09025075580340802,1.0,29.904666823310134,0
LOAN-1395,Effective,23.09924709103354,0.07932662039898294,1.0,28.702613989038625,0
LOAN-1396,Repaying,4.514715947980835,0.8671768399822347,0.1927890438971068,6.178831748069661,0
LOAN-1397,Repaying,25.073237508555785,0.46423226851470534,1.0,28.75207616598226,0
LOAN-1398,Cancelled,17.7056810403833,0.3178148970127167,1.0,22.116606555319716,0
LOAN-1399,Effective,16.539356605065024,0.5246391737026462,1.0,19.91616073655179,0
LOAN-1400,Effective,21.440109514031484,0.502767641555145,1.0,24.92627130625576,0
LOAN-1401,Fully Repaid,6.023271731690623,0.6817259565466608,0.5099791483396763,8.614641948957319,1
LOAN-1402,Effective,8.188911704312115,0.19834409067262543,1.0,13.197191250948988,0
LOAN-1403,Cancelled,18.68309377138946,0.6739093187405311,0.9353289588541619,21.313547177686804,0
LOAN-1404,Repaying,16.407939767282684,0.6618861587452476,0.8928889954340081,19.098508973556445,0
LOAN-1405,Disbursing,2.401095140314853,0.8602017156572578,0.17336518245871346,4.100086562028563,0
LOAN-1406,Effective,8.843258042436688,0.8859552144175609,0.2148975323124264,10.413481970348883,0
LOAN-1407,Disbursing&Repaying,18.850102669404517,0.4522276908988425,1.0,22.588964214910305,0
LOAN-1408,Effective,10.469541409993155,0.18967714713631864,1.0,15.521155674311562,0
LOAN-1409,Fully Repaid,17.245722108145106,0.308786814104346,1.0,21.701788037623377,1
LOAN-1410,Disbursing,14.581793292265571,0.8813452066116286,0.2916747604209424,16.175067259207427,0
LOAN-1411,Fully Repaid,4.2792607802874745,0.42568832208753593,0.8200746218076541,8.150819169849795,1
LOAN-1412,Disbursing&Repaying,19.362080766598222,0.5110510672945453,1.0,22.806825430125496,0
LOAN-1413,Effective,11.252566735112936,0.32427592206520145,1.0,15.63118712478693,0
LOAN-1414,Effective,12.106776180698152,0.1570849521536426,1.0,17.32135141992994,0
LOAN-1415,Disbursing&Repaying,11.5564681724846,0.8609349878825715,0.29977505076155325,13.251793233071743,0
LOAN-1416,Disbursing&Repaying,14.691307323750856,0.2821338569127137,1.0,19.280638039187288,0
LOAN-1417,Disbursing,21.08145106091718,0.4052597907980786,1.0,25.055152106926784,0
LOAN-1418,Cancelled,24.27652292950034,0.05741315954731594,1.0,29.98945713176376,0
LOAN-1419,Repaying,13.943874058863791,0.79692418546032,0.48624217277392795,15.95925313156219,0
LOAN-1420,Fully Repaid,5.73305954825462,0.7743319354966998,0.3550449096969787,7.8613998707711215,1
LOAN-1421,Cancelled,7.17864476386037,0.5679427704051263,0.7422157664867994,10.338930911834739,0
LOAN-1422,Repaying,13.073237508555783,0.27708136691107865,1.0,17.687830674000388,0
LOAN-1423,Fully Repaid,13.25119780971937,0.8298795562272646,0.3955504089637112,15.101800028583048,1
LOAN-1424,Repaying,9.207392197125257,0.5044989228071385,0.9517283523741328,12.684897583089565,0
LOAN-1425,Effective,13.919233401779604,0.5518945979118254,1.0,17.15976041222048,0
LOAN-1426,Cancelled,6.379192334017796,0.26063576935872207,1.0,11.076013487224186,0
LOAN-1427,Effective,21.08145106091718,0.16734383832587324,1.0,26.24473186928781,0
LOAN-1428,Fully Repaid,10.03148528405202,0.37821872412606733,1.0,14.140391663421683,1
LOAN-1429,Repaying,15.471594798083505,0.06424622514386849,1.0,21.15036367236416,0
LOAN-1430,Disbursing,3.3127994524298425,0.1792618886762158,1.0,8.416490009048763,0
LOAN-1431,Disbursing,15.326488706365502,0.6702521207498733,0.835135593977631,17.975228102616136,0
LOAN-1432,Effective,26.015058179329227,0.1016356133885054,1.0,31.5068801123867,0
LOAN-1433,Cancelled,19.737166324435318,0.7051277160493795,0.8768666152305721,22.21152774418842,0
LOAN-1434,Effective,19.786447638603697,0.6836041485093395,0.9424308463497991,22.368426896057,0
LOAN-1435,Fully Repaid,18.034223134839152,0.5801813816940178,1.0,21.133316226369065,1
LOAN-1436,Disbursing&Repaying,4.706365503080082,0.3937500037504325,0.891573403108707,8.73761548432792,0
LOAN-1437,Cancelled,19.496235455167692,0.7482146340578693,0.7426720437994649,21.755162284878345,0
LOAN-1438,Disbursing,10.35728952772074,0.45536195963558346,1.0,14.080479729542823,0
LOAN-1439,Effective,12.219028062970569,0.6891606859846554,0.6906547441181462,14.773224633047292,0
LOAN-1440,Disbursing,17.626283367556468,0.8440195829931627,0.4309159200020511,19.406185452590655,0
LOAN-1441,Cancelled,15.208761122518823,0.44091867412950964,1.0,19.004167751871275,0
LOAN-1442,Disbursing&Repaying,23.967145790554415,0.7488699277678866,0.8530171775900656,26.22279615171498,0
LOAN-1443,Repaying,3.3867214236824092,0.06334931665420061,1.0,9.069974840411406,0
LOAN-1444,Cancelled,8.06570841889117,0.5130249020751173,0.8797550126371905,11.500583908515583,0
LOAN-1445,Effective,19.59479808350445,0.16235688472308124,1.0,24.783013659889043,0
LOAN-1446,Fully Repaid,12.180698151950718,0.3345475611985635,1.0,16.5079603459579,1
LOAN-1447,Fully Repaid,8.878850102669405,0.22868021445955636,1.0,13.735449030371623,1
LOAN-1448,Repaying,12.563997262149213,0.0059119460665892215,1.0,18.534437531816266,0
LOAN-1449,Repaying,20.48186173853525,0.08485841478312864,1.0,26.057569664619606,0
LOAN-1450,Disbursing&Repaying,23.227926078028748,0.35981842363377664,1.0,27.428833959859865,0
LOAN-1451,Cancelled,9.574264202600958,0.578029160717834,0.8259768693902385,12.684118399011787,0
LOAN-1452,Disbursing,9.533196440793978,0.5875012648596014,0.8057418825076451,12.59569011649597,0
LOAN-1453,Disbursing&Repaying,9.067761806981519,0.6279917873423981,0.709336398919608,11.927802870269527,0
LOAN-1454,Fully Repaid,24.479123887748116,0.13321116060532068,1.0,29.813068084721515,1
LOAN-1455,Repaying,4.804928131416838,0.685829627701713,0.46512697828966104,7.375779992908273,0
LOAN-1456,Fully Repaid,12.183436002737851,0.21808358255211346,1.0,17.093018089977285,1
LOAN-1457,Effective,19.096509240246405,0.31007241854431894,1.0,23.54614714752481,0
LOAN-1458,Disbursing&Repaying,22.84188911704312,0.6168233047056644,1.0,25.757772593514797,0
LOAN-1459,Disbursing,11.80287474332649,0.10015019321632601,1.0,17.30212377724486,0
LOAN-1460,Repaying,25.864476386036962,0.4347236973073901,1.0,29.690857899500013,0
LOAN-1461,Disbursing,5.834360027378508,0.7102696450183693,0.4587694751639318,8.283011802286662,0
LOAN-1462,Repaying,9.612594113620808,0.7806693985604867,0.4301642062729511,11.709247120818375,0
LOAN-1463,Disbursing&Repaying,25.724845995893222,0.4505857405556813,1.0,29.471917293114817,0
LOAN-1464,Disbursing&Repaying,13.127994524298426,0.3121019125828684,1.0,17.567484961384086,0
LOAN-1465,Effective,16.57221081451061,0.02651930861145681,1.0,22.439614271453323,0
LOAN-1466,Fully Repaid,15.906913073237508,0.7854313236665188,0.5558812046011132,17.979756454904916,1
LOAN-1467,Repaying,20.49555099247091,0.12471887413852888,1.0,25.871956621778267,0
LOAN-1468,Repaying,12.449007529089664,0.13063715539519222,1.0,17.795821752113703,0
LOAN-1469,Fully Repaid,8.243668720054757,0.026535011745741133,1.0,14.110993661326052,1
LOAN-1470,Effective,16.331279945242983,0.6862027353273376,0.8262683622147382,18.900266268606295,0
LOAN-1471,Disbursing&Repaying,9.91649555099247,0.4520921286988149,1.0,13.656034907498396,0
LOAN-1472,Effective,8.161533196440795,0.6880849687876076,0.5664855193832732,10.721108352502757,0
LOAN-1473,Disbursing&Repaying,12.114989733059549,0.3953566824818204,1.0,16.138206320650447,0
LOAN-1474,Disbursing&Repaying,2.639288158795346,0.2816077422831287,0.9079966756331106,7.231249447379703,0
LOAN-1475,Cancelled,2.5626283367556466,0.03817432440022192,1.0,8.371756714754536,0
LOAN-1476,Effective,5.9958932238193015,0.7959578184147136,0.32638369497933906,8.016104131745735,0
LOAN-1477,Repaying,2.1793292265571527,0.08139672688591977,1.0,7.772345592127554,0
LOAN-1478,Fully Repaid,22.64476386036961,0.6413709521883338,1.0,25.43790909942794,1
LOAN-1479,Fully Repaid,3.7371663244353184,0.32664905034480146,0.9249933990129935,8.103921072711312,1
LOAN-1480,Repaying,19.416837782340863,0.5089424206636203,1.0,22.872125679022762,0
LOAN-1481,Disbursing,20.788501026694046,0.4016324107490334,1.0,24.78033897294888,0
LOAN-1482,Fully Repaid,16.019164955509925,0.7267091073181965,0.7110800817526405,18.385619418918942,1
LOAN-1483,Effective,17.377138945927445,0.005915720906376935,1.0,23.34756034139556,0
LOAN-1484,Effective,22.757015742642025,0.5202834439589726,1.0,26.15559852284716,0
LOAN-1485,Repaying,6.264202600958248,0.5354720876828187,0.7555176079726805,9.586842162544155,0
LOAN-1486,Cancelled,23.7782340862423,0.738238268040746,0.8841849056939893,26.08704274603857,0
LOAN-1487,Cancelled,2.9623545516769334,0.188145882263148,1.0,8.021625140361193,0
LOAN-1488,Repaying,4.424366872005476,0.5176284201149076,0.695790463689147,7.836224771430938,0
LOAN-1489,Disbursing,25.61533196440794,0.2614392577162207,1.0,30.308135675826836,0
LOAN-1490,Disbursing&Repaying,17.66461327857632,0.7254391658519241,0.7595619298149849,20.0374174493167,0
LOAN-1491,Effective,8.92539356605065,0.005518136174963891,1.0,14.89780288517583,0
LOAN-1492,Disbursing,20.59958932238193,0.6052256616527351,1.0,23.573461014118255,0
LOAN-1493,Cancelled,13.262149212867898,0.8350109790910889,0.38379992228680715,15.087094317412454,0
LOAN-1494,Disbursing,19.991786447638603,0.8245678059895295,0.5261524898802735,21.868947417690954,0
LOAN-1495,Effective,12.583162217659138,0.5356726803283787,1.0,15.904798816017244,0
LOAN-1496,Cancelled,13.127994524298426,0.7465117220383275,0.5862675504671399,15.39543591410679,0
LOAN-1497,Fully Repaid,3.2005475701574264,0.450048877390636,0.725965595526639,6.950303183204246,1
LOAN-1498,Disbursing,26.50513347022587,0.34882939418794995,1.0,30.760986499286123,0
LOAN-1499,Disbursing,12.687200547570157,0.6895621664076705,0.7042965388262391,15.239389715531804,0
LOAN-1500,Repaying,19.6249144421629,0.39700406050889936,1.0,23.639894139618406,0
LOAN-1501,Disbursing&Repaying,13.982203969883642,0.28663642065684164,1.0,18.549021866599432,0
LOAN-1502,Disbursing&Repaying,24.427104722792606,0.04565356535750223,1.0,30.198836896005094,0
LOAN-1503,Disbursing&Repaying,6.691307323750856,0.5334806014820239,0.7786818653154938,10.023904316340737,0
LOAN-1504,Disbursing,5.683778234086242,0.6879854554508918,0.4893566922517635,8.243850956831782,0
LOAN-1505,Effective,9.103353867214237,0.8061307754804009,0.37035523999603087,11.072699989812232,0
LOAN-1506,Repaying,14.028747433264886,0.10159835153327057,1.0,19.520755675598533,0
LOAN-1507,Disbursing,13.138945927446954,0.09628316532536266,1.0,18.65753010082014,0
LOAN-1508,Repaying,7.351129363449692,0.43413719043825205,0.9818358810670985,11.180443411258432,0
LOAN-1509,Fully Repaid,21.560574948665298,0.8377769331708469,0.5119853259063826,23.371690282811063,1
LOAN-1510,Disbursing,9.69199178644764,0.8602951017285426,0.2751067709288042,11.390516277804926,0
LOAN-1511,Disbursing,20.109514031485283,0.812930404249393,0.5632574618117181,22.04486201023832,0
LOAN-1512,Effective,13.02943189596167,0.1850955137052837,1.0,18.103954327435254,0
LOAN-1513,Effective,2.0698151950718686,0.11480012736336347,1.0,7.495814558255052,0
LOAN-1514,Fully Repaid,12.41889117043121,0.21171705342506825,1.0,17.36030590330587,1
LOAN-1515,Effective,7.975359342915811,0.12516197912782898,1.0,13.349549447276665,0
LOAN-1516,Fully Repaid,20.59958932238193,0.6492053094282136,1.0,23.353562775240864,1
LOAN-1517,Fully Repaid,9.431895961670088,0.40895492328858524,1.0,13.387121345227163,1
LOAN-1518,Cancelled,10.22861054072553,0.6409169990627976,0.7263750177753646,13.024025545411542,0
LOAN-1519,Effective,5.834360027378508,0.12787873190399474,1.0,11.194966367858534,0
LOAN-1520,Cancelled,12.673511293634498,0.6018454251647877,0.9027562249138429,15.664284167810559,0
LOAN-1521,Effective,13.716632443531827,0.6604330926847612,0.8053383530782356,16.41446698010802,0
LOAN-1522,Effective,25.464750171115675,0.5155739959111224,1.0,28.886880191560063,0
LOAN-1523,Effective,26.053388090349078,0.11928488652123345,1.0,31.45696365774291,0
LOAN-1524,Repaying,3.033538672142368,0.7042749347638895,0.38543440740766716,5.5121639983229205,0
LOAN-1525,Disbursing&Repaying,19.186858316221766,0.3448502936588727,1.0,23.462606847927404,0
LOAN-1526,Cancelled,16.20807665982204,0.4286087483113827,1.0,20.06503291826513,0
LOAN-1527,Disbursing&Repaying,12.528405201916495,0.8345002734185601,0.3728444901233068,14.355903834823694,0
LOAN-1528,Effective,14.562628336755647,0.8262378147786955,0.4268055974573397,16.43143926286217,0
LOAN-1529,Disbursing&Repaying,18.62012320328542,0.17543311616226157,1.0,23.742957622474112,0
LOAN-1530,Disbursing&Repaying,13.982203969883642,0.6169495969845882,0.9186392895861738,16.8974559849607,0
LOAN-1531,Disbursing&Repaying,21.22655715263518,0.7519132233784512,0.774689590898583,23.466991035742925,0
LOAN-1532,Effective,5.7440109514031485,0.09976057804012134,1.0,11.245208061202542,0
LOAN-1533,Disbursing,14.250513347022586,0.6931076488685747,0.7442297057211772,16.784975102679713,0
LOAN-1534,Repaying,9.078713210130047,0.39651734949656076,1.0,13.096126462647243,0
LOAN-1535,Disbursing&Repaying,15.071868583162217,0.5790043502790602,1.0,18.176846831766916,0
LOAN-1536,Disbursing,9.174537987679672,0.5875787991495764,0.7907985982630914,12.236643991931789,0
LOAN-1537,Fully Repaid,23.54551676933607,0.6938915656261582,1.0,26.076058941205282,1
LOAN-1538,Fully Repaid,24.213552361396303,0.3230264939411867,1.0,28.59841989169037,1
LOAN-1539,Repaying,24.92539356605065,0.6898572807308336,1.0,27.476107162396485,0
LOAN-1540,Disbursing&Repaying,18.190280629705683,0.07637623621565116,1.0,23.808399448627426,0
LOAN-1541,Fully Repaid,25.95482546201232,0.5790668739026723,1.0,29.05949109249896,1
LOAN-1542,Disbursing&Repaying,2.620123203285421,0.6005847765325079,0.5040669329427528,5.617199320622881,0
LOAN-1543,Cancelled,24.635181382614647,0.017156706193550388,1.0,30.549397851646894,0
LOAN-1544,Disbursing,21.919233401779604,0.5501033004868857,1.0,25.168716899345174,0
LOAN-1545,Effective,21.270362765229294,0.8839734775321101,0.3628191447958945,22.850495377568745,0
LOAN-1546,Repaying,8.068446269678303,0.3019533549021367,1.0,12.558679495167619,0
LOAN-1547,Disbursing&Repaying,9.817932922655714,0.12003378933166736,1.0,15.217763975997377,0
LOAN-1548,Fully Repaid,5.338809034907597,0.5865802127210927,0.634136716832328,8.405907971302133,1
LOAN-1549,Cancelled,18.614647501711158,0.1570940423975318,1.0,23.8291772897235,0
LOAN-1550,Disbursing,10.455852156057494,0.10575704139661263,1.0,15.92706694907443,0
LOAN-1551,Fully Repaid,4.372347707049966,0.1342956754342687,1.0,9.700869329878621,1
LOAN-1552,Fully Repaid,24.747433264887064,0.3008651663238242,1.0,29.243107433267944,1
LOAN-1553,Disbursing&Repaying,6.737850787132102,0.10445857692011547,1.0,12.215557902531524,0
LOAN-1554,Fully Repaid,17.71937029431896,0.20500385748978894,1.0,22.694351006870015,1
LOAN-1555,Fully Repaid,9.935660506502396,0.835098404780484,0.32874222192769487,11.760168482599976,1
LOAN-1556,Repaying,21.7056810403833,0.6229894765044832,1.0,24.590733657860884,0
LOAN-1557,Cancelled,19.066392881587955,0.7105922685254714,0.8412038826007756,21.5134315389606,0
LOAN-1558,Disbursing,7.485284052019165,0.42614009346860265,1.0,11.354583584676153,0
LOAN-1559,Disbursing,7.950718685831622,0.85162711913149,0.2663399845077031,9.692583090174171,0
LOAN-1560,Fully Repaid,4.473648186173854,0.7182157630279553,0.4078445910342818,6.882569371034077,1
LOAN-1561,Fully Repaid,13.015742642026009,0.5828761785408658,0.9600414524561838,16.10136174932168,1
LOAN-1562,Effective,5.861738535249829,0.6328214009933841,0.5824090933182283,8.697631530282909,0
LOAN-1563,Cancelled,2.3572895277207393,0.6775992098530221,0.3983999907812141,4.969293478455628,0
LOAN-1564,Effective,5.815195071868583,0.799180115356111,0.3176005649953251,7.8192944950880285,0
LOAN-1565,Effective,15.986310746064339,0.6962179577694221,0.7894174548477838,18.50522095721723,0
LOAN-1566,Disbursing,23.8466803559206,0.45320937495509794,1.0,27.58063348114511,0
LOAN-1567,Effective,6.414784394250513,0.4787140310720496,0.8556796787700278,10.021214238890266,0
LOAN-1568,Disbursing,21.78507871321013,0.1609306385309009,1.0,26.980425520555627,0
LOAN-1569,Disbursing&Repaying,2.403832991101985,0.5645485775140899,0.540126672025302,5.581090103531535,0
LOAN-1570,Cancelled,11.62217659137577,0.7846143307623336,0.4657106975508476,13.699104937564101,0
LOAN-1571,Cancelled,20.772073921971252,0.4936218410842307,1.0,24.303964716550098,0
LOAN-1572,Repaying,19.477070499657767,0.31780880585006427,1.0,23.888026470407446,0
LOAN-1573,Fully Repaid,15.008898015058179,0.894395734393216,0.2641046308515178,16.5369193430921,1
LOAN-1574,Cancelled,13.163586584531142,0.40358618712545014,1.0,17.14565564890389,0
LOAN-1575,Disbursing&Repaying,13.431895961670088,0.491531029152147,1.0,16.974240815909354,0
LOAN-1576,Cancelled,21.44832306639288,0.8101570221473735,0.5970243299395467,23.397537955656013,0
LOAN-1577,Effective,17.911019849418206,0.17563477180428946,1.0,23.03284599039676,0
LOAN-1578,Disbursing,10.494182067077345,0.5428546871355977,0.9368819272954096,13.779908631399357,0
LOAN-1579,Cancelled,22.759753593429156,0.31621953005576325,1.0,27.17865594315034,0
LOAN-1580,Repaying,22.82819986310746,0.3814489786049253,1.0,26.920954970082835,0
LOAN-1581,Fully Repaid,14.428473648186174,0.6805026481922655,0.7804832639300511,17.025960407224847,1
LOAN-1582,Effective,13.05681040383299,0.49848023384529166,1.0,16.564409234606533,0
LOAN-1583,Disbursing,13.78507871321013,0.5764996882752386,1.0,16.902580271833937,0
LOAN-1584,Effective,5.136208076659822,0.8735627938847282,0.19137798603922793,6.7683941072361815,0
LOAN-1585,Disbursing,20.134154688569474,0.7607520612443486,0.7209534395384195,22.33039438234773,0
LOAN-1586,Disbursing,13.686516084873375,0.5726224216648642,1.0,16.823403976549052,0
LOAN-1587,Cancelled,12.219028062970569,0.08505778713282595,1.0,17.793739127306438,0
LOAN-1588,Effective,9.957563312799453,0.1293457613082765,1.0,15.31083450625807,0
LOAN-1589,Cancelled,3.1101984941820673,0.16957510640424986,1.0,8.262322962160818,0
LOAN-1590,Disbursing&Repaying,10.425735797399042,0.015641459437724242,1.0,16.347528500210423,0
LOAN-1591,Disbursing&Repaying,20.303901437371664,0.7331166975580933,0.8087605292479794,22.638317949581197,0
LOAN-1592,Disbursing,4.9664613278576315,0.686721318998045,0.4688673264058007,7.532854732867406,0
LOAN-1593,Effective,26.22861054072553,0.8176763685568792,0.6605331835923604,28.140228697941133,0
LOAN-1594,Effective,11.08829568788501,0.13100127993112373,1.0,16.43328928822939,0
LOAN-1595,Disbursing&Repaying,18.09719370294319,0.6869196296774087,0.8796679809543034,20.662595554556148,0
LOAN-1596,Repaying,6.967830253251198,0.4272439534254596,0.9718427374800038,10.8316104861239,0
LOAN-1597,Disbursing,5.790554414784395,0.10156093076892343,1.0,11.282749760939776,0
LOAN-1598,Effective,6.193018480492813,0.29530386660785574,1.0,10.716499147453534,0
LOAN-1599,Fully Repaid,10.206707734428473,0.3851654974509718,1.0,14.280880247173615,1
LOAN-1600,Fully Repaid,22.127310061601644,0.07650531908815877,1.0,27.74478346616085,1
LOAN-1601,Fully Repaid,4.301163586584531,0.3638601273969581,0.9097540382045144,8.48186294959974,1
LOAN-1602,Effective,20.079397672826833,0.3639992392793246,1.0,24.25940147643021,0
LOAN-1603,Disbursing,4.344969199178645,0.02675116649222063,1.0,10.21121336671754,0
LOAN-1604,Cancelled,4.610540725530458,0.6841542993951427,0.46146764716709676,7.189769228554745,0
LOAN-1605,Disbursing,7.383983572895278,0.4864760882471361,0.8927091246200709,10.951603131659596,0
LOAN-1606,Effective,19.326488706365502,0.5009998954834849,1.0,22.821489228948078,0
LOAN-1607,Cancelled,5.61533196440794,0.441498340636706,0.8721188813630519,9.40784026122441,0
LOAN-1608,Effective,12.314852840520192,0.5552457087442092,0.9924626559562829,15.538624296799146,0
LOAN-1609,Effective,9.618069815195073,0.024209858380762075,1.0,15.497020523291262,0
LOAN-1610,Disbursing,23.750855578370977,0.21115987960800128,1.0,28.695056180330972,0
LOAN-1611,Fully Repaid,14.729637234770705,0.7770316695890735,0.5513925925904704,16.844478886825335,1
LOAN-1612,Disbursing&Repaying,17.453798767967147,0.08795310579647704,1.0,23.014033238984762,0
LOAN-1613,Disbursing,2.652977412731006,0.18158276413913513,1.0,7.745063592035331,0
LOAN-1614,Cancelled,22.439425051334702,0.6685992230755489,1.0,25.096428935956958,0
LOAN-1615,Effective,7.271731690622861,0.5863831322351116,0.7143879562750988,10.339816029447302,0
LOAN-1616,Disbursing,3.5345653661875427,0.6044042236591073,0.535421689347352,6.512544247892006,0
LOAN-1617,Fully Repaid,24.00273785078713,0.5529800680943348,1.0,27.237837510315458,1
LOAN-1618,Effective,23.800136892539356,0.270248107366869,1.0,28.44889635570501,0
LOAN-1619,Repaying,25.44832306639288,0.3652793453193901,1.0,29.62192633979593,0
LOAN-1620,Disbursing,15.099247091033538,0.18179145784535902,1.0,20.190289801806742,0
LOAN-1621,Effective,23.838466803559207,0.8068549281195244,0.653573310309853,25.804192162961584,0
LOAN-1622,Disbursing&Repaying,3.1293634496919918,0.45022367565198906,0.7218213178400784,6.878245071432047,0
LOAN-1623,Repaying,7.7207392197125255,0.3509556019673032,1.0,11.96596120987601,0
LOAN-1624,Effective,21.623545516769337,0.5305328499235603,1.0,24.970881267151533,0
LOAN-1625,Effective,25.744010951403148,0.32669821103041813,1.0,30.110519896251056,0
LOAN-1626,Disbursing&Repaying,21.215605749486652,0.8626352506088523,0.42879238608711046,22.90242949644239,0
LOAN-1627,Repaying,13.349760438056126,0.2707993364495791,1.0,17.99576375580823,0
LOAN-1628,Disbursing&Repaying,8.167008898015059,0.7015110138610546,0.5422652067145713,10.659453828709786,0
LOAN-1629,Disbursing&Repaying,12.032854209445585,0.5419043478200172,1.0,15.323332470345498,0
LOAN-1630,Effective,23.000684462696782,0.360595664972081,1.0,27.197706137836377,0
LOAN-1631,Disbursing&Repaying,20.700889801505816,0.2874592163054083,1.0,25.263593719978775,0
LOAN-1632,Cancelled,16.621492128678987,0.3541447623885747,1.0,20.850768316736115,0
LOAN-1633,Fully Repaid,15.019849418206707,0.1518803607204526,1.0,20.260447614604445,1
LOAN-1634,Disbursing&Repaying,4.522929500342231,0.8279901440094517,0.2498087011914753,6.382978780294973,0
LOAN-1635,Cancelled,17.021218343600275,0.11717939811374922,1.0,22.43532135303153,0
LOAN-1636,Repaying,10.108145106091717,0.21193706266828427,1.0,15.048459792750297,0
LOAN-1637,Repaying,9.486652977412732,0.8769592592464858,0.2397652217147536,11.101856681180303,0
LOAN-1638,Effective,24.648870636550306,0.8379581467370941,0.5614567211413293,26.459079902864836,0
LOAN-1639,Repaying,15.014373716632443,0.8030033529169006,0.49277477510601986,16.99935695204794,0
LOAN-1640,Effective,24.709103353867214,0.3896366926138449,1.0,28.76091989079799,0
LOAN-1641,Cancelled,12.648870636550308,0.7466302609892226,0.5738538442071612,14.915719331604196,0
LOAN-1642,Effective,19.353867214236825,0.20687449113605813,1.0,24.319494758556534,0
LOAN-1643,Disbursing,20.04928131416838,0.5047690684988564,1.0,23.525435971674096,0
LOAN-1644,Disbursing&Repaying,17.163586584531142,0.7403145808509956,0.7053987367794244,19.462013680276165,0
LOAN-1645,Effective,25.52498288843258,0.4482996986062807,1.0,29.283484395401175,0
LOAN-1646,Disbursing,6.04517453798768,0.7532794877216887,0.39586736816072365,8.278777099379235,0
LOAN-1647,Fully Repaid,12.114989733059549,0.03946229957955093,1.0,17.917678235161794,1
LOAN-1648,Cancelled,9.582477754962355,0.7183322738876634,0.551575198088566,11.990816385524038,0
LOAN-1649,Disbursing&Repaying,19.77549623545517,0.7015432906251471,0.888669662643727,22.267779782329434,0
LOAN-1650,Fully Repaid,6.707734428473648,0.748847586891046,0.41961878192947066,8.963496494018418,1
LOAN-1651,Fully Repaid,22.521560574948666,0.5524810050988,1.0,25.759155549454665,1
LOAN-1652,Fully Repaid,7.0718685831622174,0.5825028521646205,0.7127456441690647,10.159354322339116,1
LOAN-1653,Disbursing,24.66803559206023,0.2659334705198178,1.0,29.338368239461143,0
LOAN-1654,Cancelled,23.02258726899384,0.7315422819960529,0.8865168420820283,25.364875859013573,0
LOAN-1655,Effective,6.28062970568104,0.3746264054571158,1.0,10.407497678395462,0
LOAN-1656,Disbursing&Repaying,21.919233401779604,0.8839675691369446,0.37036662428937195,23.499395556094882,0
LOAN-1657,Disbursing&Repaying,4.856947296372348,0.414146715943929,0.8703991364627706,8.786213716652703,0
LOAN-1658,Disbursing&Repaying,18.247775496235455,0.17172187491135332,1.0,23.389166121678688,0
LOAN-1659,Fully Repaid,20.043805612594113,0.4847242815122279,1.0,23.620184205032974,1
LOAN-1660,Fully Repaid,15.80561259411362,0.4365421535417519,1.0,19.62290182640486,1
LOAN-1661,Fully Repaid,13.645448323066393,0.641783533415883,0.8470188949086177,16.436530655986978,1
LOAN-1662,Repaying,23.967145790554415,0.8145658279572477,0.6298669556326916,25.894316650768175,0
LOAN-1663,Cancelled,11.134839151266256,0.8002265351077418,0.4222180047189014,13.133706475727546,0
LOAN-1664,Effective,5.675564681724846,0.19773211052627435,1.0,10.686904129093474,0
LOAN-1665,Effective,22.822724161533195,0.7600781555873312,0.7874888519483314,25.02233338359654,0
LOAN-1666,Effective,16.161533196440793,0.3743859257361051,1.0,20.289603567760267,0
LOAN-1667,Disbursing,23.83299110198494,0.7451538195448381,0.8622208555714342,26.107222004260752,0
LOAN-1668,Disbursing,14.691307323750856,0.30629179263714373,1.0,19.159848360565135,0
LOAN-1669,Cancelled,22.119096509240247,0.6801879026076781,1.0,24.718156996201856,0
LOAN-1670,Disbursing&Repaying,22.236824093086927,0.3973661191347307,1.0,26.249993497413275,0
LOAN-1671,Repaying,5.4428473648186175,0.3741748548512417,0.9664522193597731,9.571973090562409,0
LOAN-1672,Repaying,2.9322381930184807,0.3245790658169454,0.8734704401406319,7.309342863933754,0
LOAN-1673,Disbursing,6.836413415468857,0.4645397641946878,0.9015229897562675,10.513714594495418,0
LOAN-1674,Fully Repaid,25.026694045174537,0.6951353776935035,1.0,27.55101715670702,1
LOAN-1675,Disbursing&Repaying,12.618754277891854,0.6307113550658294,0.8352849117381657,15.465197502562708,0
LOAN-1676,Disbursing&Repaying,6.855578370978781,0.4899827618872875,0.8596635527558971,10.405664561542345,0
LOAN-1677,Repaying,3.3429158110882957,0.35099418510021796,0.8659629949114546,7.587944885587206,0
LOAN-1678,Cancelled,15.085557837097879,0.5721169542002951,1.0,18.224973066096403,0
LOAN-1679,Disbursing&Repaying,21.09514031485284,0.4567494393804957,1.0,24.811393117950363,0
LOAN-1680,Disbursing&Repaying,2.7679671457905544,0.8901000710130277,0.14031986826303777,4.317466790725415,0
LOAN-1681,Effective,3.5236139630390144,0.4676999826966282,0.7198619946529788,7.185114049555874,0
LOAN-1682,Repaying,5.327857631759069,0.07375244709075036,1.0,10.959095396305317,0
LOAN-1683,Fully Repaid,7.696098562628337,0.35530422767418063,1.0,11.919577424257433,1
LOAN-1684,Cancelled,2.954140999315537,0.4119415202258421,0.7617792462837586,6.894433398186327,0
LOAN-1685,Disbursing,10.11088295687885,0.5414401923542309,0.9222042620292941,13.403681995107696,0
LOAN-1686,Repaying,20.314852840520192,0.2729340744436327,1.0,24.950182468302028,0
LOAN-1687,Disbursing,24.684462696783026,0.0018771783287337346,1.0,30.67507680513936,0
LOAN-1688,Repaying,4.046543463381246,0.6480301458470669,0.4943959854159134,6.806392734145912,0
LOAN-1689,Fully Repaid,11.482546201232033,0.561230526507311,0.9425885485996945,14.676393568695477,1
LOAN-1690,Disbursing&Repaying,12.83504449007529,0.5147953142765191,1.0,16.261067918692696,0
LOAN-1691,Cancelled,18.193018480492814,0.681853647873367,0.8969505985007539,20.78375024112598,0
LOAN-1692,Cancelled,6.76249144421629,0.7467214959626528,0.42455787569299336,9.028883964403025,0
LOAN-1693,Cancelled,12.454483230663929,0.3933156777947272,1.0,16.487904841690295,0
LOAN-1694,Fully Repaid,19.09924709103354,0.08066570719397963,1.0,24.695918555063642,1
LOAN-1695,Effective,9.845311430527037,0.12821449544655508,1.0,15.204238953294261,0
LOAN-1696,Effective,5.839835728952772,0.8544213503924926,0.23059418954256927,7.567728976990309,0
LOAN-1697,Cancelled,22.135523613963038,0.01676054926654677,1.0,28.051720867630305,0
LOAN-1698,Effective,2.4476386036960984,0.18311121623372187,1.0,7.532082522527489,0
LOAN-1699,Disbursing&Repaying,19.1813826146475,0.8650029984024641,0.3939399155447876,20.85636762263518,0
LOAN-1700,Effective,24.648870636550306,0.19147872124468723,1.0,29.69147703032687,0
LOAN-1701,Effective,7.312799452429843,0.7474482970619645,0.4372376984335846,9.575557967120021,0
LOAN-1702,Effective,11.364818617385353,0.24571182519593518,1.0,16.136259491405678,0
LOAN-1703,Disbursing&Repaying,18.90485968514716,0.42887605506121534,1.0,22.760479409841082,0
LOAN-1704,Disbursing&Repaying,6.721423682409308,0.5861398239182515,0.6920331349539436,9.79072456281805,0
LOAN-1705,Fully Repaid,10.072553045859001,0.627327120875436,0.7480496134980812,12.935917441481822,1
LOAN-1706,Disbursing&Repaying,13.089664613278575,0.17236050876009598,1.0,18.227862069478096,0
LOAN-1707,Repaying,8.922655715263518,0.636271205909256,0.6882714744307125,11.741299685717237,0
LOAN-1708,Cancelled,18.817248459958932,0.5091363430430269,1.0,22.271566744743797,0
LOAN-1709,Disbursing&Repaying,25.65366187542779,0.6560089797019011,1.0,28.373616976918285,0
LOAN-1710,Effective,7.2881587953456535,0.6057898061343054,0.6815168430294123,10.259209764674127,0
LOAN-1711,Effective,7.846680355920602,0.7954221974691185,0.3651034649685288,9.86956936857501,0
LOAN-1712,Repaying,7.6796714579055445,0.7269056195395353,0.4828218923541276,10.045143360207868,0
LOAN-1713,Disbursing,11.693360711841205,0.025085477000484708,1.0,17.567933326838784,0
LOAN-1714,Disbursing,7.019849418206708,0.4677075401932943,0.9059537512356977,10.681311717240236,0
LOAN-1715,Repaying,23.90965092402464,0.8010753628825009,0.6745465004842669,25.904274109612135,0
LOAN-1716,Disbursing,8.24914442162902,0.26542509319682056,1.0,12.92201895564492,0
LOAN-1717,Disbursing&Repaying,25.52498288843258,0.5581896339289046,1.0,28.734034718788056,0
LOAN-1718,Cancelled,21.037645448323065,0.5335978483806083,1.0,24.369656206420025,0
LOAN-1719,Fully Repaid,3.671457905544148,0.05444206457978528,1.0,9.399247582645222,1
LOAN-1720,Cancelled,20.202600958247775,0.26195755028822443,1.0,24.892813206806654,0
LOAN-1721,Repaying,5.349760438056126,0.18113511210223607,1.0,10.444084877544945,0
LOAN-1722,Disbursing,4.4435318275154,0.0943631068575035,1.0,9.971716293227882,0
LOAN-1723,Effective,9.828884325804244,0.6611275597609884,0.6719462418702373,12.523246526999303,0
LOAN-1724,Repaying,10.546201232032855,0.10367036324863178,1.0,16.027849415789696,0
LOAN-1725,Repaying,18.680355920602327,0.1568560682057485,1.0,23.896075579573584,0
LOAN-1726,Effective,17.259411362080765,0.5893822775136748,1.0,20.31249997451239,0
LOAN-1727,Disbursing&Repaying,23.756331279945243,0.8979254227952371,0.34456632433843226,25.266704165969056,0
LOAN-1728,Repaying,24.618754277891856,0.5395942463835324,1.0,27.920783045974193,0
LOAN-1729,Cancelled,4.75564681724846,0.7160507280550978,0.4189855170833813,7.17539317697297,0
LOAN-1730,Cancelled,5.864476386036961,0.6760226425433584,0.5139731136981546,8.484363173320169,0
LOAN-1731,Disbursing,17.39630390143737,0.8290667013159432,0.4682940597623585,19.250970394857653,0
LOAN-1732,Effective,15.271731690622861,0.514233348084992,1.0,18.7005649501979,0
LOAN-1733,Effective,7.575633127994524,0.03702862944696541,1.0,13.390489980759696,0
LOAN-1734,Disbursing&Repaying,23.28542094455852,0.16160915790465633,1.0,28.47737515503524,0
LOAN-1735,Disbursing,10.529774127310061,0.8339453272901636,0.340906492351734,12.360047490859243,0
LOAN-1736,Repaying,20.50650239561944,0.6916345686614321,0.9407150769856242,23.04832955231228,0
LOAN-1737,Cancelled,26.157426420260094,0.8971581017042606,0.371849837054807,27.671635911738793,0
LOAN-1738,Disbursing&Repaying,5.993155373032169,0.7073771834171992,0.46799621713030265,8.456269455946174,0
LOAN-1739,Cancelled,20.933607118412045,0.5026021355594495,1.0,24.420596440614798,0
LOAN-1740,Cancelled,13.248459958932239,0.363031845448673,1.0,17.433300731688874,0
LOAN-1741,Fully Repaid,9.585215605749486,0.8223769757823219,0.34787852258484875,11.473330726837876,1
LOAN-1742,Effective,22.507871321013006,0.8657443315329418,0.436436599464371,24.179149663348298,0
LOAN-1743,Fully Repaid,13.957563312799453,0.0241546546529744,1.0,19.83679003953458,1
LOAN-1744,Fully Repaid,9.14715947980835,0.15464314527713965,1.0,14.373943753422651,1
LOAN-1745,Repaying,12.793976728268309,0.8132287537982763,0.4257259439431761,14.727832959276927,0
LOAN-1746,Fully Repaid,14.335386721423683,0.18267555647066974,1.0,19.422008939070334,1
LOAN-1747,Fully Repaid,6.047912388774812,0.29600231664631477,1.0,10.567900805543237,1
LOAN-1748,Repaying,8.071184120465434,0.7131121066426257,0.5184403942793563,10.505623587252305,0
LOAN-1749,Disbursing,15.937029431895962,0.5117537393045891,1.0,19.378260735373015,0
LOAN-1750,Cancelled,21.251197809719372,0.19552938206866993,1.0,26.273550899376023,0
LOAN-1751,Disbursing&Repaying,5.971252566735113,0.04017164863513745,1.0,11.770394323559426,0
LOAN-1752,Disbursing&Repaying,5.864476386036961,0.8254232781255747,0.2769568281728562,7.737359995409088,0
LOAN-1753,Repaying,19.039014373716633,0.4237089592098556,1.0,22.920469577667355,0
LOAN-1754,Disbursing&Repaying,14.433949349760438,0.0698267698582608,1.0,20.084815500469134,0
LOAN-1755,Disbursing&Repaying,3.2361396303901437,0.3978523293612402,0.7970110646688799,7.246877983583943,0
LOAN-1756,Repaying,15.488021902806297,0.04379822534815702,1.0,21.269030776065513,0
LOAN-1757,Disbursing,16.79671457905544,0.7384738938036914,0.7008040422714223,19.10434511003698,0
LOAN-1758,Cancelled,17.399041752224505,0.29041161840742824,1.0,21.946983660187364,0
LOAN-1759,Fully Repaid,17.14715947980835,0.3619255408105184,1.0,21.33753177575576,1
LOAN-1760,Disbursing,2.639288158795346,0.27138082379323175,0.9209227726101424,7.2823840398291875,0
LOAN-1761,Disbursing&Repaying,12.427104722792608,0.6243486696353904,0.8424771725343463,15.305361374615655,0
LOAN-1762,Cancelled,26.094455852156056,0.45992352722362406,1.0,29.794838216037935,0
LOAN-1763,Repaying,9.834360027378509,0.33707126566351875,1.0,14.149003699060914,0
LOAN-1764,Fully Repaid,13.749486652977414,0.7082737936520366,0.6928347643984691,16.20811768471723,1
LOAN-1765,Disbursing&Repaying,16.711841204654345,0.5985054171779188,1.0,19.71931411876475,0
LOAN-1766,Disbursing,20.34223134839151,0.4424780604669391,1.0,24.129841046056814,0
LOAN-1767,Disbursing&Repaying,17.828884325804243,0.6524901941926874,0.9670810187894398,20.566433354840804,0
LOAN-1768,Fully Repaid,23.10198494182067,0.18126090425852687,1.0,28.195680420528035,1
LOAN-1769,Fully Repaid,25.801505817932924,0.39008744199140666,1.0,29.85106860797589,1
LOAN-1770,Effective,9.86173853524983,0.3424052135180245,1.0,14.149712467659707,0
LOAN-1771,Cancelled,9.902806297056811,0.8245187436632722,0.34925694536340673,11.78021257874045,0
LOAN-1772,Disbursing,9.429158110882957,0.06411092034096115,1.0,15.108603509178153,0
LOAN-1773,Disbursing&Repaying,9.404517453798768,0.6196404556049473,0.7380693417932748,12.306315175774031,0
LOAN-1774,Disbursing&Repaying,20.057494866529773,0.6359030597550445,1.0,22.87797956775455,0
LOAN-1775,Disbursing,9.44832306639288,0.7573643099122376,0.47188572882639845,11.661501516831693,0
LOAN-1776,Cancelled,2.7734428473648185,0.3841843256857687,0.7866086320364261,6.852521218935975,0
LOAN-1777,Disbursing&Repaying,17.29226557152635,0.30995353111259955,1.0,21.74249791596335,0
LOAN-1778,Cancelled,7.991786447638604,0.06285734546632361,1.0,13.677499720306987,0
LOAN-1779,Fully Repaid,17.155373032169745,0.16378589831573592,1.0,22.336443540591066,1
LOAN-1780,Disbursing,19.238877481177276,0.39665740477632677,1.0,23.255590457295643,0
LOAN-1781,Disbursing,26.26420260095825,0.21130211607099025,1.0,31.207692020603297,0
LOAN-1782,Effective,4.892539356605065,0.5426863847137945,0.6810561013961164,8.179107433036092,0
LOAN-1783,Effective,8.815879534565367,0.2837014238348655,1.0,13.39737241539104,0
LOAN-1784,Repaying,25.53867214236824,0.3616275217764331,1.0,29.730534533486075,0
LOAN-1785,Disbursing&Repaying,18.258726899383984,0.7828677611678507,0.6135880638209524,20.34438809354473,0
LOAN-1786,Fully Repaid,8.739219712525667,0.6101364776423801,0.7305738203358602,11.688537324313767,1
LOAN-1787,Effective,17.93839835728953,0.8146824858316194,0.5177474533418863,19.864985928131432,0
LOAN-1788,Cancelled,5.749486652977413,0.2712134744462549,1.0,10.393419280746137,0
LOAN-1789,Fully Repaid,25.37987679671458,0.5937705921498183,1.0,28.411023835965487,1
LOAN-1790,Cancelled,4.621492128678987,0.6035411448186686,0.579682003037892,7.6037864045856445,0
LOAN-1791,Cancelled,7.08829568788501,0.6525252770120961,0.5937750810483237,9.82566930282453,0
LOAN-1792,Cancelled,10.193018480492814,0.16934073472752298,1.0,15.346314806855199,0
LOAN-1793,Effective,21.023956194387406,0.3493309757384246,1.0,25.277301315695283,0
LOAN-1794,Effective,16.870636550308006,0.28433360245572764,1.0,21.44896853802937,0
LOAN-1795,Effective,12.83504449007529,0.7449761624226086,0.5823480677109468,15.110163677962248,0
LOAN-1796,Effective,19.84120465434634,0.33903776447815714,1.0,24.146015831955552,0
LOAN-1797,Repaying,25.72210814510609,0.7335109457071988,0.9519550816934494,28.054553416570098,0
LOAN-1798,Disbursing&Repaying,17.93839835728953,0.47505999097129137,1.0,21.56309840243307,0
LOAN-1799,Disbursing&Repaying,13.051334702258726,0.7245646078210436,0.634915341396502,15.428511663153508,0
LOAN-1800,Disbursing&Repaying,26.28062970568104,0.19632282573586998,1.0,31.29901557700169,0
LOAN-1801,Disbursing,10.740588637919233,0.7574940819306966,0.5029715488936367,12.95311822826575,0
LOAN-1802,Disbursing,21.360711841204655,0.5642752919377448,1.0,24.53933538151593,0
LOAN-1803,Fully Repaid,9.54962354551677,0.603662303779313,0.7748252758011817,12.531312026620204,1
LOAN-1804,Cancelled,16.59958932238193,0.4402965968169377,1.0,20.398106338297243,0
LOAN-1805,Cancelled,21.073237508555785,0.5801369840164136,1.0,24.172552588473717,0
LOAN-1806,Disbursing,3.4140999315537304,0.7051271001420217,0.39554545458019563,5.888464430843621,0
LOAN-1807,Effective,21.17180013689254,0.16194380081536905,1.0,26.362081132815696,0
LOAN-1808,Cancelled,13.297741273100616,0.031504751552474626,1.0,19.140217515338243,0
LOAN-1809,Cancelled,6.7323750855578375,0.8141575620355218,0.31095853788361627,8.661587275380228,0
LOAN-1810,Repaying,25.04312114989733,0.08910821820381418,1.0,30.59758005887826,0
LOAN-1811,Fully Repaid,23.353867214236825,0.2496561468787649,1.0,28.105586479843,1
LOAN-1812,Repaying,2.650239561943874,0.6088731034287539,0.49478489407459075,5.605874044800105,0
LOAN-1813,Repaying,12.498288843258042,0.4602846998362995,1.0,16.196865344076542,0
LOAN-1814,Disbursing&Repaying,22.699520876112253,0.49353190624680504,1.0,26.231861344878226,0
LOAN-1815,Disbursing,21.149897330595483,0.8718961371522056,0.39904221753614805,22.790416644834455,0
LOAN-1816,Disbursing,24.539356605065024,0.2537970512808201,1.0,29.270371348660923,0
LOAN-1817,Effective,26.26420260095825,0.3623861352238233,1.0,30.45227192483913,0
LOAN-1818,Effective,15.515400410677618,0.04757816291317081,1.0,21.277509596111763,0
LOAN-1819,Fully Repaid,3.3374401095140316,0.4520063210807156,0.7308832872978218,7.077408504110453,1
LOAN-1820,Repaying,22.48870636550308,0.5712090125157896,1.0,25.632661302924134,0
LOAN-1821,Disbursing&Repaying,3.871321013004791,0.009625214091410574,1.0,9.823194942547737,0
LOAN-1822,Disbursing&Repaying,26.362765229295004,0.554657946311628,1.0,29.589475497736863,0
LOAN-1823,Cancelled,24.791238877481177,0.8284130606200009,0.5969722196225432,26.649173574381173,0
LOAN-1824,Fully Repaid,4.462696783025325,0.46231603558528933,0.7776360142424938,8.151116605098878,1
LOAN-1825,Fully Repaid,13.522245037645447,0.7720255457275974,0.5362470975718951,15.66211730900746,1
LOAN-1826,Disbursing,5.919233401779603,0.8632214469987589,0.21774097095844389,7.603126166785808,0
LOAN-1827,Disbursing&Repaying,18.338124572210816,0.09644764963117687,1.0,23.855886324054932,0
LOAN-1828,Fully Repaid,26.379192334017795,0.8086589622178785,0.6960832414866365,28.335897522928402,1
LOAN-1829,Effective,21.815195071868583,0.8029740472788395,0.6268419120044479,23.800324835474385,0
LOAN-1830,Disbursing,18.187542778918548,0.7952186389181491,0.5772283375819837,20.211449584327802,0
LOAN-1831,Disbursing&Repaying,14.767967145790555,0.17909273171094905,1.0,19.87250348723581,0
LOAN-1832,Disbursing&Repaying,9.248459958932239,0.7935898777749575,0.397307697276704,11.280510570057452,0
LOAN-1833,Effective,7.416837782340862,0.6159938977056602,0.6688171991089508,10.336868293812561,0
LOAN-1834,Disbursing&Repaying,3.756331279945243,0.3860567422672228,0.8445606840460889,7.826047568609129,0
LOAN-1835,Disbursing,4.15605749486653,0.4265035453139329,0.8118448785638083,8.023539768296864,0
LOAN-1836,Fully Repaid,25.897330595482547,0.8913589162470262,0.3899924899732007,27.440536014247417,1
LOAN-1837,Fully Repaid,5.193702943189596,0.8821119070552287,0.17911566647419805,6.783143407913452,1
LOAN-1838,Effective,24.555783709787818,0.31592206244347465,1.0,28.976173397570445,0
LOAN-1839,Effective,4.65160848733744,0.5458696409957494,0.6653740222344277,7.9222602823586925,0
LOAN-1840,Effective,2.967830253251198,0.1172772780006175,1.0,8.38144386324811,0
LOAN-1841,Disbursing,24.84873374401095,0.11743686473404995,1.0,30.2615494203407,0
LOAN-1842,Repaying,2.757015742642026,0.30860817190553874,0.8820096435335092,7.213974883114332,0
LOAN-1843,Cancelled,11.110198494182066,0.7893678082903853,0.4446487376254576,13.16335945273014,0
LOAN-1844,Cancelled,14.392881587953456,0.4534824849113849,1.0,18.12546916339653,0
LOAN-1845,Disbursing,19.266255989048595,0.6162248513096379,1.0,22.185131732500405,0
LOAN-1846,Cancelled,26.29158110882957,0.003240491780072832,1.0,32.27537864992921,0
LOAN-1847,Repaying,24.643394934976044,0.24166318697060138,1.0,29.435079000123036,0
LOAN-1848,Repaying,17.270362765229294,0.7115591864995323,0.7865885620455602,19.712566832731632,0
LOAN-1849,Fully Repaid,13.462012320328542,0.49434756517054396,1.0,16.99027449447582,1
LOAN-1850,Disbursing&Repaying,21.916495550992472,0.23038849064758127,1.0,26.764553097754565,0
LOAN-1851,Cancelled,8.950034223134839,0.1985751337783814,1.0,13.957158554242932,0
LOAN-1852,Repaying,4.687200547570157,0.16652522033922323,1.0,9.854574445874041,0
LOAN-1853,Disbursing,20.251882272416154,0.3547776015292817,1.0,24.477994264769745,0
LOAN-1854,Disbursing,9.738535249828884,0.6753997819490515,0.6407132846100789,12.361536340083626,0
LOAN-1855,Disbursing,26.269678302532512,0.1283720451254053,1.0,31.627818076905484,0
LOAN-1856,Effective,5.207392197125257,0.3998935784027111,0.9126053713243372,9.207924305111701,0
LOAN-1857,Cancelled,8.060232717316905,0.09253378058114047,1.0,13.597563814411203,0
LOAN-1858,Fully Repaid,21.648186173853524,0.20329595307134185,1.0,26.631706408496814,1
LOAN-1859,Disbursing,24.744695414099933,0.10651587340054985,1.0,30.212116047097183,0
LOAN-1860,Effective,13.815195071868583,0.13519803214996148,1.0,19.139204911118775,0
LOAN-1861,Repaying,20.11498973305955,0.06873254335699222,1.0,25.771327016274586,0
LOAN-1862,Effective,20.969199178644764,0.6540369559483913,1.0,23.699014398902808,0
LOAN-1863,Repaying,15.66050650239562,0.541568803899012,1.0,18.95266248290056,0
LOAN-1864,Disbursing&Repaying,7.767282683093772,0.20710306349481747,1.0,12.731767365619685,0
LOAN-1865,Fully Repaid,20.698151950718685,0.7655355983333665,0.7197623829396655,22.870473959051854,1
LOAN-1866,Fully Repaid,15.811088295687885,0.49635034855178983,1.0,19.329336552928936,1
LOAN-1867,Disbursing&Repaying,21.935660506502394,0.8684218733943614,0.4202034381359265,23.593551139530586,0
LOAN-1868,Fully Repaid,19.975359342915812,0.22054122362471137,1.0,24.872653224792256,1
LOAN-1869,Effective,21.700205338809035,0.7032572171271312,0.9406807149879567,24.18391925317338,0
LOAN-1870,Fully Repaid,15.11567419575633,0.3812586889292721,1.0,19.20938075110997,1
LOAN-1871,Disbursing&Repaying,17.1854893908282,0.3398042520641208,1.0,21.486468130507596,0
LOAN-1872,Disbursing&Repaying,5.678302532511978,0.5445750643119552,0.7140289922566977,8.955427210952202,0
LOAN-1873,Disbursing,23.200547570157426,0.3817997007915126,1.0,27.291549066199863,0
LOAN-1874,Effective,18.269678302532512,0.1907189521598443,1.0,23.316083541733292,0
LOAN-1875,Fully Repaid,24.640657084188913,0.04038708441081622,1.0,30.43872166213483,1
LOAN-1876,Fully Repaid,10.726899383983573,0.4501944748750519,1.0,14.475927009608313,1
LOAN-1877,Disbursing,9.54962354551677,0.4519594060502199,1.0,13.28982651526567,0
LOAN-1878,Repaying,17.01574264202601,0.5633574492064408,1.0,20.198955395993806,0
LOAN-1879,Fully Repaid,20.804928131416837,0.47095837844315475,1.0,24.450136239201065,1
LOAN-1880,Cancelled,4.372347707049966,0.5461893399898632,0.6522324598831521,7.64140100710065,0
LOAN-1881,Effective,10.392881587953456,0.8406503741438988,0.32495980511681594,12.189629717233961,0
LOAN-1882,Repaying,21.127994524298426,0.6868317327554687,0.9748300107971797,23.693835860521084,0
LOAN-1883,Cancelled,12.621492128678987,0.6125263036604045,0.8765233171816312,15.558860610376964,0
LOAN-1884,Cancelled,26.33264887063655,0.6669383042337615,1.0,28.997957349467743,0
LOAN-1885,Fully Repaid,2.6858316221765914,0.6022355056082144,0.5045973401134397,5.674654094135519,1
LOAN-1886,Cancelled,4.876112251882272,0.295848573446931,1.0,9.396869384647617,0
LOAN-1887,Cancelled,25.284052019164957,0.13096242006922082,1.0,30.629239918818854,0
LOAN-1888,Effective,15.383983572895277,0.857380508538192,0.36202508284412116,17.097081030204315,0
LOAN-1889,Cancelled,17.086926762491444,0.6409860320873814,0.9724585055560554,19.88199660205454,0
LOAN-1890,Fully Repaid,5.360711841204655,0.1787447781561339,1.0,10.466987950423984,1
LOAN-1891,Disbursing,20.202600958247775,0.7047651365238121,0.8916860770534063,22.678775275628713,0
LOAN-1892,Disbursing&Repaying,8.459958932238193,0.2847670540346845,1.0,13.036123662064771,0
LOAN-1893,Disbursing&Repaying,18.272416153319643,0.5205393149386606,1.0,21.669719578626342,0
LOAN-1894,Disbursing,10.080766598220396,0.8745700546364895,0.2518729457272191,11.70791632503795,0
LOAN-1895,Effective,2.3572895277207393,0.41039773653163175,0.728588587587811,6.305300845062581,0
LOAN-1896,Fully Repaid,13.905544147843942,0.535402629139281,1.0,17.228531002147538,1
LOAN-1897,Disbursing,22.6694045174538,0.08930255991816032,1.0,28.222891717863,0
LOAN-1898,Cancelled,25.22655715263518,0.490260367023796,1.0,28.7752553175162,0
LOAN-1899,Fully Repaid,8.167008898015059,0.4226168182282354,1.0,12.053924806873882,1
LOAN-1900,Fully Repaid,15.854893908282,0.5928136575237947,1.0,18.890825620663026,1
LOAN-1901,Effective,11.657768651608487,0.4670669215677791,1.0,15.32243404376959,0
LOAN-1902,Cancelled,7.441478439425051,0.7456949095410743,0.44354567522753896,9.71300389171968,0
LOAN-1903,Disbursing,9.10609171800137,0.6390223756676024,0.6896871598641031,11.910979839663357,0
LOAN-1904,Repaying,25.44284736481862,0.010384310563228916,1.0,31.390925812002475,0
LOAN-1905,Effective,18.321697467488022,0.4083356355868901,1.0,22.28001928955357,0
LOAN-1906,Effective,24.369609856262834,0.7263876565377787,0.9403949496654332,26.73767157357394,0
LOAN-1907,Repaying,22.527036276522928,0.09636898807886517,1.0,28.045191336128603,0
LOAN-1908,Disbursing,17.256673511293634,0.06621837271442528,1.0,22.925581647721508,0
LOAN-1909,Cancelled,25.27857631759069,0.16080936495165749,1.0,30.474529492832403,0
LOAN-1910,Cancelled,25.65639972621492,0.10943424978543842,1.0,31.10922847728773,0
LOAN-1911,Repaying,14.685831622176591,0.07509848426939997,1.0,20.310339200829592,0
LOAN-1912,Fully Repaid,18.028747433264886,0.7281105581304789,0.7620720495932163,20.388194642612493,1
LOAN-1913,Disbursing&Repaying,4.80766598220397,0.2804266165857489,1.0,9.405532899275226,0
LOAN-1914,Disbursing&Repaying,23.808350444900753,0.17974869692463638,1.0,28.90960696027757,0
LOAN-1915,Cancelled,10.888432580424366,0.7895268826311089,0.4396453522151826,12.940798167268822,0
LOAN-1916,Effective,21.204654346338124,0.3344942654012644,1.0,25.532183019331804,0
LOAN-1917,Fully Repaid,13.96851471594798,0.8088695765201159,0.4581112367842971,15.924166833347401,1
LOAN-1918,Disbursing,7.772758384668036,0.795024111312118,0.3642986944332336,9.797637828107446,0
LOAN-1919,Disbursing,21.12251882272416,0.04211265956903523,1.0,26.911955524878984,0
LOAN-1920,Disbursing,5.976728268309377,0.5792999476599247,0.6721410418700916,9.080228530009753,0
LOAN-1921,Fully Repaid,13.188227241615332,0.06250870319365455,1.0,18.875683725647058,1
LOAN-1922,Fully Repaid,4.561259411362081,0.04236549403708449,1.0,10.349431941176658,1
LOAN-1923,Disbursing&Repaying,7.145790554414784,0.09462212473005385,1.0,12.672679930764515,0
LOAN-1924,Disbursing,21.71937029431896,0.7812133852223364,0.6939773649573228,23.81330336820728,0
LOAN-1925,Cancelled,6.023271731690623,0.6287983473558204,0.5947864947570325,8.87927999491152,0
LOAN-1926,Effective,12.24914442162902,0.43013413617936785,1.0,16.09847374073218,0
LOAN-1927,Disbursing&Repaying,17.453798767967147,0.7519878870524794,0.6808874640879569,19.69385933270475,0
LOAN-1928,Disbursing,11.419575633127995,0.7366603001296004,0.5640624618579252,13.736274132479993,0
LOAN-1929,Repaying,16.876112251882272,0.7630262811047068,0.6368932269775894,19.06098084635874,0
LOAN-1930,Cancelled,22.11088295687885,0.14777669242277036,1.0,27.371999494765,0
LOAN-1931,Effective,21.38261464750171,0.5956969533791037,1.0,24.40412988060619,0
LOAN-1932,Effective,22.302532511978097,0.30036555412843324,1.0,26.80070474133593,0
LOAN-1933,Cancelled,7.241615331964408,0.24833312980285632,1.0,11.999949682950128,0
LOAN-1934,Disbursing,14.33264887063655,0.2395604203166315,1.0,19.134846769053393,0
LOAN-1935,Repaying,19.017111567419576,0.7915749038266928,0.6047894269111009,21.05923704828611,0
LOAN-1936,Effective,15.986310746064339,0.6304241042904024,0.960391407016467,18.83419022461233,0
LOAN-1937,Fully Repaid,11.704312114989733,0.8660187252749598,0.2907971404196457,13.374218488614934,1
LOAN-1938,Repaying,5.492128678986996,0.5248429723039614,0.7361193815792019,8.867913817467189,0
LOAN-1939,Effective,11.633127994524298,0.13192466346685908,1.0,16.97350467719,0
LOAN-1940,Effective,3.460643394934976,0.7449745306691742,0.3432806899288173,5.735770741589105,0
LOAN-1941,Disbursing&Repaying,20.33675564681725,0.880773693863071,0.36169393159486424,21.932887177501893,0
LOAN-1942,Disbursing,14.403832991101986,0.8285825301030194,0.4183243307123166,16.26092034058689,0
LOAN-1943,Fully Repaid,14.297056810403832,0.7991954125100221,0.4878960470033699,16.30107974785372,1
LOAN-1944,Effective,13.752224503764545,0.5099961874864568,1.0,17.20224356633226,0
LOAN-1945,Fully Repaid,13.760438056125942,0.5023267641421734,1.0,17.248804235415076,1
LOAN-1946,Fully Repaid,10.888432580424366,0.047873954043621283,1.0,16.64906281020626,1
LOAN-1947,Cancelled,19.734428473648187,0.451793912790638,1.0,23.475458909694996,0
LOAN-1948,Disbursing&Repaying,9.363449691991786,0.3191690141140461,1.0,13.767604621421555,0
LOAN-1949,Cancelled,20.44626967830253,0.6110308899369173,1.0,23.391115228617945,0
LOAN-1950,Cancelled,18.46406570841889,0.5099985810568368,1.0,21.914072803134705,0
LOAN-1951,Effective,7.507186858316222,0.616646951730909,0.6711433448752094,10.423952099661676,0
LOAN-1952,Effective,15.80561259411362,0.07958608849398968,1.0,21.407682151643673,0
LOAN-1953,Disbursing&Repaying,26.42299794661191,0.7605966080156547,0.8719789254657737,28.620014906533637,0
LOAN-1954,Effective,5.092402464065708,0.09634402466527259,1.0,10.610682340739345,0
LOAN-1955,Repaying,16.66255989048597,0.5058443275501141,1.0,20.1333382527354,0
LOAN-1956,Repaying,21.259411362080765,0.18062988672382876,1.0,26.35626192846162,0
LOAN-1957,Effective,8.542094455852157,0.35164250399449076,1.0,12.783881935879702,0
LOAN-1958,Disbursing&Repaying,25.71937029431896,0.5554426663408581,1.0,28.942156962614668,0
LOAN-1959,Disbursing&Repaying,22.203969883641342,0.4285425590875688,1.0,26.061257088203497,0
LOAN-1960,Disbursing,13.976728268309378,0.3752068216444367,1.0,18.100694160087194,0
LOAN-1961,Disbursing,10.778918548939084,0.8038988760942231,0.407476928099355,12.759424168467968,0
LOAN-1962,Effective,3.137577002053388,0.7702556146298885,0.30182845535892683,5.286298928903946,0
LOAN-1963,Repaying,14.203969883641342,0.41353356944864506,1.0,18.136302036398117,0
LOAN-1964,Cancelled,3.1211498973305956,0.16233708349907686,1.0,8.309464479835212,0
LOAN-1965,Disbursing,4.287474332648871,0.1432617067463089,1.0,9.571165798917328,0
LOAN-1966,Fully Repaid,23.802874743326488,0.803225566023958,0.6651541544381115,25.7867469132067,1
LOAN-1967,Repaying,12.284736481861739,0.568164650059726,0.9623336976971553,15.443913231563108,0
LOAN-1968,Repaying,17.66461327857632,0.4419927171897432,1.0,21.4546496926276,0
LOAN-1969,Repaying,26.455852156057496,0.6017924248135257,1.0,29.446890031989867,0
LOAN-1970,Fully Repaid,18.16016427104723,0.8198896501758927,0.5071937037962645,20.060716020167767,1
LOAN-1971,Fully Repaid,9.817932922655714,0.12408618271994329,1.0,15.197502009055999,1
LOAN-1972,Disbursing,16.640657084188913,0.04633110792031848,1.0,22.40900154458732,0
LOAN-1973,Cancelled,4.26009582477755,0.5178202868811419,0.6875928913838665,7.67099439037184,0
LOAN-1974,Disbursing,20.44079397672827,0.3792651275737847,1.0,24.544468338859346,0
LOAN-1975,Disbursing,11.175906913073238,0.8138914790003234,0.39410167164188864,13.10644951807162,0
LOAN-1976,Cancelled,16.58590006844627,0.037566879347167154,1.0,22.398065671710434,0
LOAN-1977,Fully Repaid,25.87816563997262,0.17655685460122603,1.0,30.99538136696649,1
LOAN-1978,Cancelled,10.195756331279945,0.12399338711653819,1.0,15.575789395697253,0
LOAN-1979,Cancelled,24.635181382614647,0.6727281203643706,1.0,27.271540780792794,0
LOAN-1980,Repaying,13.574264202600958,0.2827132949090063,1.0,18.160697728055926,0
LOAN-1981,Effective,16.80766598220397,0.18527486506717136,1.0,21.881291656868115,0
LOAN-1982,Cancelled,4.1067761806981515,0.8036806288142309,0.2769433429253047,6.088373036626997,0
LOAN-1983,Disbursing&Repaying,17.234770704996578,0.8783445654792056,0.3313257864190561,18.84304787760055,0
LOAN-1984,Disbursing,14.565366187542779,0.10281477138196041,1.0,20.051292330632975,0
LOAN-1985,Fully Repaid,6.7734428473648185,0.44582174882517905,0.9295477223333446,10.544334103238924,1
LOAN-1986,Disbursing,11.60848733744011,0.028175489521577078,1.0,17.467609889832225,0
LOAN-1987,Disbursing,21.790554414784395,0.6563035207629715,1.0,24.509036810969537,0
LOAN-1988,Fully Repaid,5.727583846680356,0.6921111156427345,0.4842348244189764,8.267028268466683,1
LOAN-1989,Fully Repaid,24.958247775496236,0.4885241006541462,1.0,28.515627272225505,1
LOAN-1990,Repaying,6.781656399726215,0.5946988287724788,0.6801624993946861,9.80816225586382,0
LOAN-1991,Disbursing,23.121149897330596,0.7598927974716729,0.7952626646369437,25.32168590997223,0
LOAN-1992,Repaying,16.487337440109513,0.2485299082649602,1.0,21.24468789878471,0
LOAN-1993,Effective,24.80766598220397,0.45604726725974043,1.0,28.52742964590527,0
LOAN-1994,Disbursing,16.161533196440793,0.7644665928925148,0.6161915048913277,18.339200231978218,0
LOAN-1995,Disbursing&Repaying,8.030116358658454,0.2932101414315858,1.0,12.564065651500524,0
LOAN-1996,Disbursing&Repaying,9.880903490759753,0.3014872065045412,1.0,14.373467458237046,0
LOAN-1997,Cancelled,17.204654346338124,0.8206853934806576,0.48781918896083387,19.101227378934837,0
LOAN-1998,Disbursing&Repaying,23.170431211498972,0.6536337855253055,1.0,25.902262283872446,0
LOAN-1999,Cancelled,5.503080082135524,0.790631643488238,0.3245854397666947,7.549921864694333,0
LOAN-2000,Effective,16.334017796030118,0.2187660084205886,1.0,21.240187753927174,0
LOAN-2001,Disbursing&Repaying,4.971937029431896,0.45507909858316264,0.8158521422034155,8.696541536516083,0
LOAN-2002,Fully Repaid,20.49281314168378,0.8331452532489706,0.5087870614482108,22.327086875438926,1
LOAN-2003,Disbursing&Repaying,17.804243668720055,0.8849229756294251,0.31996296262707,19.37962879057293,0
LOAN-2004,Repaying,25.16084873374401,0.8371126489232495,0.5727257511849877,26.975285489127764,0
LOAN-2005,Repaying,8.643394934976044,0.3493027181467832,1.0,12.896881344242129,0
LOAN-2006,Disbursing&Repaying,24.659822039698838,0.5323302019209665,1.0,27.998171030094007,0
LOAN-2007,Disbursing&Repaying,18.46132785763176,0.6818940582005892,0.9053717503013756,21.05185756662881,0
LOAN-2008,Fully Repaid,18.76249144421629,0.5844642840994163,1.0,21.84017002371921,1
LOAN-2009,Cancelled,3.893223819301848,0.5077182044624886,0.6839381167570435,7.354632796989405,0
LOAN-2010,Cancelled,14.209445585215606,0.8902848359831493,0.2656143293138951,15.758021405299859,0
LOAN-2011,Effective,15.052703627652292,0.3950250701272564,1.0,19.07757827701601,0
LOAN-2012,Disbursing,2.4750171115674195,0.6793782647872367,0.399976163311966,5.078125787631236,0
LOAN-2013,Cancelled,21.02943189596167,0.5140486462585437,1.0,24.459188664668954,0
LOAN-2014,Disbursing&Repaying,21.464750171115675,0.12313623278052603,1.0,26.849069007213046,0
LOAN-2015,Disbursing,12.569472963723477,0.5675615479278481,0.9759907952516864,15.731665224084237,0
LOAN-2016,Disbursing&Repaying,26.33264887063655,0.7898161788647634,0.7636534971595228,28.383567976312733,0
LOAN-2017,Effective,20.777549623545518,0.7324819666813118,0.8233549545659228,23.115139790138958,0
LOAN-2018,Disbursing,7.931553730321697,0.5500954686615878,0.806748727720994,11.181076387013759,0
LOAN-2019,Repaying,13.585215605749486,0.1620579011034068,1.0,18.774926100232452,0
LOAN-2020,Effective,7.868583162217659,0.10113067900875806,1.0,13.362929767173869,0
LOAN-2021,Disbursing&Repaying,20.944558521560573,0.102182664055519,1.0,26.433645201282978,0
LOAN-2022,Disbursing,12.191649555099247,0.8008295518675157,0.4419920786688163,14.187501795761667,0
LOAN-2023,Repaying,11.446954140999315,0.049170029501906916,1.0,17.20110399348978,0
LOAN-2024,Cancelled,11.901437371663244,0.18558073938086767,1.0,16.973533674758905,0
LOAN-2025,Disbursing,24.48186173853525,0.31743057066592856,1.0,28.89470888520561,0
LOAN-2026,Repaying,9.919233401779604,0.6460384540934684,0.7050642648166929,12.689041131312262,0
LOAN-2027,Fully Repaid,4.939082819986311,0.8463196735360706,0.2295843124847175,6.707484452305958,1
LOAN-2028,Fully Repaid,8.714579055441478,0.03040021243729343,1.0,14.562577993255012,1
LOAN-2029,Disbursing&Repaying,2.3901437371663246,0.6593749483814383,0.4220393350033678,5.093268995259133,0
LOAN-2030,Effective,14.395619438740589,0.38263743715029247,1.0,18.482432252989128,0
LOAN-2031,Fully Repaid,13.932922655715263,0.8701976967789022,0.3106548483524233,15.581934171820752,1
LOAN-2032,Disbursing&Repaying,21.831622176591377,0.8563116456311033,0.4573833407446893,23.55006394843586,0
LOAN-2033,Repaying,22.937713894592743,0.09805360645783046,1.0,28.447445862303592,0
LOAN-2034,Disbursing&Repaying,16.262833675564682,0.5548396234475815,1.0,19.488635558326774,0
LOAN-2035,Disbursing,14.661190965092402,0.6200978406377227,0.9368839700084087,17.56070176190379,0
LOAN-2036,Cancelled,23.0362765229295,0.28965416190312043,1.0,27.5880057134139,0
LOAN-2037,Disbursing,24.93908281998631,0.17763085064317521,1.0,30.050928566770434,0
LOAN-2038,Fully Repaid,13.492128678986996,0.3594650924856304,1.0,17.694803216558842,1
LOAN-2039,Disbursing&Repaying,17.519507186858316,0.14935110529111775,1.0,22.772751660402726,0
LOAN-2040,Repaying,19.32375085557837,0.8343716343791628,0.48568449280820714,21.151892683682558,0
LOAN-2041,Disbursing&Repaying,18.272416153319643,0.8939792854931621,0.2997461761409615,19.802519725853834,0
LOAN-2042,Disbursing&Repaying,16.550308008213552,0.5350090149058057,1.0,19.875262933684525,0
LOAN-2043,Cancelled,8.59958932238193,0.5260215465568854,0.8815804581699656,11.969481589597503,0
LOAN-2044,Disbursing,21.00752908966461,0.2519869801655924,1.0,25.74759418883665,0
LOAN-2045,Cancelled,5.453798767967146,0.2495137540199698,1.0,10.206229997867297,0
LOAN-2046,Disbursing,20.54483230663929,0.291004088332866,1.0,25.08981186497496,0
LOAN-2047,Fully Repaid,5.4072553045859,0.5041306216697603,0.7639986109660298,8.8866021962371,1
LOAN-2048,Effective,20.279260780287473,0.8598241109449039,0.42444222998079006,21.980140225562952,0
LOAN-2049,Effective,5.782340862422998,0.31336244017915443,1.0,10.215528661527227,0
LOAN-2050,Fully Repaid,10.496919917864476,0.6728656455572385,0.6705246665395577,13.132591690078284,1
LOAN-2051,Effective,25.1854893908282,0.4525140205616172,1.0,28.92291928802011,0
LOAN-2052,Cancelled,25.32511978097194,0.246756447568503,1.0,30.091337543129423,0
LOAN-2053,Disbursing,10.113620807665983,0.6755277148668511,0.6526312505765033,12.735982233331727,0
LOAN-2054,Disbursing&Repaying,23.89322381930185,0.10748408852629174,1.0,29.35580337667039,0
LOAN-2055,Disbursing&Repaying,19.09924709103354,0.6047918302122932,1.0,22.075287939972075,0
LOAN-2056,Cancelled,20.073921971252567,0.05533506540549499,1.0,25.79724664422509,0
LOAN-2057,Disbursing,12.731006160164272,0.15567139212261658,1.0,17.95264919955119,0
LOAN-2058,Disbursing,22.628336755646817,0.5095703597191199,1.0,26.08048495705122,0
LOAN-2059,Disbursing&Repaying,9.88911704312115,0.15240225648878605,1.0,15.127105760677221,0
LOAN-2060,Effective,18.704996577686515,0.2794383559125595,1.0,23.30780479812372,0
LOAN-2061,Effective,6.97056810403833,0.17930218027004088,1.0,12.074057202688126,0
LOAN-2062,Repaying,25.04312114989733,0.7465500687518754,0.8881676646161181,27.310370806137954,0
LOAN-2063,Disbursing&Repaying,4.093086926762491,0.7166442607463086,0.39933570644993194,6.509865623030948,0
LOAN-2064,Disbursing&Repaying,18.327173169062284,0.028303245670828835,1.0,24.18565694070814,0
LOAN-2065,Disbursing&Repaying,10.5927446954141,0.03046480706667298,1.0,16.440420660080733,0
LOAN-2066,Fully Repaid,2.16290212183436,0.8218339407643207,0.21670163399165102,4.053732418012756,1
LOAN-2067,Fully Repaid,8.695414099931554,0.6510352092525682,0.6524041269319201,11.440238053668713,1
LOAN-2068,Repaying,3.7152635181382614,0.5197391939077863,0.6586903512988211,7.116567548599329,0
LOAN-2069,Disbursing,12.815879534565367,0.2998324029653228,1.0,17.316717519738752,0
LOAN-2070,Disbursing,18.409308692676248,0.7946592672399893,0.5833588264159484,20.4360123564763,0
LOAN-2071,Effective,22.209445585215605,0.3368320294045652,1.0,26.52528543819278,0
LOAN-2072,Disbursing,9.30321697467488,0.6356016905496849,0.7034059632524153,12.125208521926456,0
LOAN-2073,Disbursing,11.129363449691992,0.38213319583320915,1.0,15.218697470525946,0
LOAN-2074,Disbursing,8.829568788501026,0.3260523945942552,1.0,13.19930681552975,0
LOAN-2075,Repaying,7.594798083504449,0.08356531723925846,1.0,13.176971497308156,0
LOAN-2076,Cancelled,21.916495550992472,0.16156616020635628,1.0,27.108664749960692,0
LOAN-2077,Disbursing,4.884325804243669,0.4562733876174154,0.8093004047140098,8.602958866156591,0
LOAN-2078,Fully Repaid,4.16974674880219,0.10436257752133937,1.0,9.647933861195494,1
LOAN-2079,Disbursing&Repaying,23.10198494182067,0.3816586121855244,1.0,27.19369188089305,0
LOAN-2080,Effective,24.903490759753595,0.4094904258203352,1.0,28.85603863065192,0
LOAN-2081,Disbursing,2.3436002737850785,0.30371557030355845,0.8594656677033283,6.825022422267287,0
LOAN-2082,Disbursing&Repaying,25.048596851471594,0.032053568484115634,1.0,30.888329009051013,0
LOAN-2083,Effective,11.197809719370294,0.130179885558979,1.0,16.5469102915754,0
LOAN-2084,Disbursing&Repaying,22.154688569472963,0.3355157958762697,1.0,26.477109590091615,0
LOAN-2085,Disbursing&Repaying,23.134839151266256,0.672090328016109,1.0,25.77438751118571,0
LOAN-2086,Disbursing,9.902806297056811,0.7143511192509542,0.5685214342519339,12.33105070080204,0
LOAN-2087,Disbursing&Repaying,13.908281998631075,0.5441603113551556,1.0,17.187480441855296,0
LOAN-2088,Disbursing&Repaying,12.41889117043121,0.41619710281728906,1.0,16.337905656344766,0
LOAN-2089,Cancelled,7.816563997262149,0.64083024382546,0.6399170946764733,10.612412778134848,0
LOAN-2090,Disbursing&Repaying,4.306639288158795,0.7403658323519445,0.3714492383422078,6.604810126399073,0
LOAN-2091,Fully Repaid,11.200547570157427,0.5141819623919691,1.0,14.629637758197582,1
LOAN-2092,Cancelled,19.211498973305954,0.42064209599031355,1.0,23.108288493354387,0
LOAN-2093,Fully Repaid,21.149897330595483,0.3377559023244911,1.0,25.461117818973026,1
LOAN-2094,Fully Repaid,8.36413415468857,0.6901871755859385,0.5689444270382801,10.913198276758877,1
LOAN-2095,Disbursing&Repaying,12.435318275154003,0.6181594912892981,0.856671334327131,15.344520818707512,0
LOAN-2096,Repaying,8.744695414099931,0.7435245926222245,0.48075533925036007,11.02707245098881,0
LOAN-2097,Fully Repaid,8.284736481861739,0.52214204586842,0.8737506767057515,11.674026252519639,1
LOAN-2098,Disbursing,12.109514031485284,0.5396113530713215,1.0,15.411457266128677,0
LOAN-2099,Fully Repaid,3.753593429158111,0.5412083290171922,0.6310034111381615,7.04755178407215,1
LOAN-2100,Disbursing,25.30321697467488,0.1798067717944993,1.0,30.40418311570238,0
LOAN-2101,Disbursing&Repaying,21.702943189596166,0.15919010396215102,1.0,26.90699266978541,0
LOAN-2102,Fully Repaid,9.404517453798768,0.6091851395224381,0.758357378134078,12.358591756186577,1
LOAN-2103,Disbursing&Repaying,24.008213552361397,0.021348113521033003,1.0,29.901472984756232,0
LOAN-2104,Effective,21.675564681724847,0.7086811766795521,0.9227688231090819,24.132158798327087,0
LOAN-2105,Disbursing&Repaying,23.367556468172484,0.1890764857669556,1.0,28.422174039337705,0
LOAN-2106,Cancelled,14.340862422997947,0.7086365535899146,0.7092037564158423,16.797679655048373,0
LOAN-2107,Disbursing&Repaying,19.589322381930184,0.32645181152352365,1.0,23.957063324312568,0
LOAN-2108,Fully Repaid,15.148528405201917,0.11569777746596575,1.0,20.57003951787209,1
LOAN-2109,Cancelled,8.484599589322382,0.6490254309651906,0.6487624374643437,11.23947243449643,0
LOAN-2110,Cancelled,5.06776180698152,0.8334740715950304,0.25091730238925397,6.900391449006368,0
LOAN-2111,Disbursing,17.856262833675565,0.2504839937959033,1.0,22.60384286469605,0
LOAN-2112,Disbursing&Repaying,22.255989048596852,0.3272042982030761,1.0,26.61996755758147,0
LOAN-2113,Fully Repaid,3.2334017796030117,0.07150256241572485,1.0,8.875888967524387,1
LOAN-2114,Cancelled,14.242299794661191,0.03620951311460554,1.0,20.06125222908816,0
LOAN-2115,Fully Repaid,22.28062970568104,0.5271096519761312,1.0,25.645081445800383,1
LOAN-2116,Repaying,4.8350444900752905,0.17765661759727241,1.0,9.946761402088928,0
LOAN-2117,Fully Repaid,26.666666666666668,0.7251892780366883,1.0,29.040720276483228,1
LOAN-2118,Effective,2.817248459958932,0.25538013394105996,0.9543977831498776,7.540347790253632,0
LOAN-2119,Disbursing,12.372347707049967,0.680951003371405,0.7137875088160339,14.96759269019294,0
LOAN-2120,Effective,2.529774127310062,0.08511117869475851,1.0,8.10421823383627,0
LOAN-2121,Effective,17.256673511293634,0.4773595677594842,1.0,20.869875672496214,0
LOAN-2122,Repaying,12.082135523613964,0.7671215559654242,0.5142453361699852,14.246527743786842,0
LOAN-2123,Repaying,12.952772073921972,0.7706137832241546,0.5265049550555235,15.0997031578012,0
LOAN-2124,Fully Repaid,24.20807665982204,0.37541127428862725,1.0,28.331020288378905,1
LOAN-2125,Effective,9.935660506502396,0.18774813797069223,1.0,14.996919816648935,0
LOAN-2126,Effective,21.897330595482547,0.1934818689061317,1.0,26.92992125095189,0
LOAN-2127,Disbursing&Repaying,4.843258042436688,0.04139995501729025,1.0,10.636258267350236,0
LOAN-2128,Effective,21.70841889117043,0.4841061409946386,1.0,25.28788818619724,0
LOAN-2129,Fully Repaid,15.690622861054072,0.5166793084009297,1.0,19.107226319049424,1
LOAN-2130,Disbursing&Repaying,12.607802874743326,0.12642081077547151,1.0,17.97569882086597,0
LOAN-2131,Effective,15.236139630390143,0.1790866613990637,1.0,20.340706323394826,0
LOAN-2132,Cancelled,9.935660506502396,0.043227974699190486,1.0,15.719520633006443,0
LOAN-2133,Disbursing,21.650924024640656,0.060398530694390405,1.0,27.348931371168703,0
LOAN-2134,Effective,5.798767967145791,0.06577520662807572,1.0,11.469891934005412,0
LOAN-2135,Fully Repaid,25.727583846680357,0.47494257093764614,1.0,29.352870991992127,1
LOAN-2136,Cancelled,12.038329911019849,0.13544542756953243,1.0,17.361102773172185,0
LOAN-2137,Cancelled,24.919917864476385,0.16342804870722138,1.0,30.10277762094028,0
LOAN-2138,Repaying,10.751540041067761,0.8919032644229017,0.22431737366368698,12.292023718953253,0
LOAN-2139,Fully Repaid,7.017111567419575,0.6659214883115724,0.5685051305679457,9.687504125861713,1
LOAN-2140,Repaying,17.286789869952088,0.5204731825970583,1.0,20.684423956966796,0
LOAN-2141,Effective,3.868583162217659,0.7198120918587035,0.3885809305105372,6.269522702924141,0
LOAN-2142,Disbursing,7.214236824093087,0.31921298967426764,1.0,11.618171875721748,0
LOAN-2143,Disbursing,20.37782340862423,0.6566662004660089,1.0,23.094492406294187,0
LOAN-2144,Repaying,13.544147843942506,0.6860590565293359,0.7391471987340114,16.11385256129583,0
LOAN-2145,Disbursing&Repaying,18.543463381245722,0.13624244973325006,1.0,23.862251132579473,0
LOAN-2146,Effective,25.412731006160165,0.8180827674146913,0.6442186022928611,27.32231716908671,0
LOAN-2147,Cancelled,19.07460643394935,0.33933309381975874,1.0,23.377940964850556,0
LOAN-2148,Cancelled,6.934976043805612,0.8850319084439219,0.19469818763042332,8.509816501586002,0
LOAN-2149,Cancelled,22.365503080082135,0.2905888124664566,1.0,26.912559017749853,0
LOAN-2150,Disbursing,8.574948665297741,0.2029966569678312,1.0,13.559965380458586,0
LOAN-2151,Disbursing&Repaying,3.3675564681724848,0.29576318297428367,0.9413925418557315,7.888740553301066,0
LOAN-2152,Disbursing&Repaying,9.418206707734429,0.6627692940614043,0.6548415556110856,12.104360237427407,0
LOAN-2153,Disbursing,5.122518822724161,0.2140463959070606,1.0,10.052286843188858,0
LOAN-2154,Disbursing&Repaying,3.6112251882272415,0.3958766974927539,0.8222858311881655,7.631841700763472,0
LOAN-2155,Cancelled,14.899383983572895,0.08685307057923342,1.0,20.465118630676727,0
LOAN-2156,Disbursing&Repaying,13.426420260095824,0.7470701589978417,0.5925240751635777,15.691069465106615,0
LOAN-2157,Fully Repaid,3.7727583846680357,0.7802707424362003,0.30262779744687046,5.871404672487034,1
LOAN-2158,Cancelled,3.137577002053388,0.5408426694691237,0.6032214785906667,6.433363654707769,0
LOAN-2159,Cancelled,16.539356605065024,0.1490719644093598,1.0,21.793996783018223,0
LOAN-2160,Fully Repaid,5.314168377823409,0.2668467883109695,1.0,9.979934436268561,1
LOAN-2161,Cancelled,23.693360711841205,0.28044481563400914,1.0,28.291136633671158,0
LOAN-2162,Repaying,10.97056810403833,0.377108350793408,1.0,15.08502635007129,0
LOAN-2163,Repaying,14.33264887063655,0.6050855877729245,0.9609313726675244,17.307220931771926,0
LOAN-2164,Fully Repaid,13.286789869952088,0.5386018494147076,1.0,16.59378062287855,1
LOAN-2165,Disbursing,9.57700205338809,0.6480061367772489,0.6890984583091804,12.336971369501846,0
LOAN-2166,Effective,16.61327857631759,0.7789555267544477,0.5882718144239264,18.71850094254535,0
LOAN-2167,Effective,14.316221765913758,0.37950670608871157,1.0,18.4186882354702,0
LOAN-2168,Repaying,4.487337440109514,0.09101788432088473,1.0,10.03224801850509,0
LOAN-2169,Disbursing&Repaying,9.527720739219713,0.33824010601802,1.0,13.836520209129613,0
LOAN-2170,Cancelled,7.767282683093772,0.5221098527841759,0.8490809337048846,11.156733419172891,0
LOAN-2171,Disbursing&Repaying,7.321013004791239,0.3588234665587543,1.0,11.526895671997467,0
LOAN-2172,Disbursing,6.206707734428473,0.2630491593973824,1.0,10.891461937441562,0
LOAN-2173,Disbursing&Repaying,14.885694729637235,0.2920611628513856,1.0,19.425388915380307,0
LOAN-2174,Disbursing,11.718001368925394,0.1548522134021731,1.0,16.94374030191453,0
LOAN-2175,Fully Repaid,18.338124572210816,0.5755065639875654,1.0,21.46059175227299,1
LOAN-2176,Effective,25.976728268309376,0.679293761724933,1.0,28.58025945968471,0
LOAN-2177,Disbursing,17.779603011635867,0.16011729282894113,1.0,22.979016547491163,0
LOAN-2178,Disbursing,13.505817932922655,0.3570810654750907,1.0,17.720412605547203,0
LOAN-2179,Disbursing,4.509240246406571,0.13951063381668713,1.0,9.811687077323135,0
LOAN-2180,Disbursing,5.0130047912388775,0.011176518842000367,1.0,10.957122197028877,0
LOAN-2181,Fully Repaid,14.959616700889802,0.3596551512068739,1.0,19.161340944855432,1
LOAN-2182,Disbursing&Repaying,20.657084188911703,0.28813925076695757,1.0,25.216387935076916,0
LOAN-2183,Effective,21.987679671457904,0.4567084508989106,1.0,25.704137416963352,0
LOAN-2184,Fully Repaid,7.123887748117728,0.047881309790831,1.0,12.884481199163572,1
LOAN-2185,Disbursing,10.792607802874743,0.42896380261976885,1.0,14.647788789775898,0
LOAN-2186,Fully Repaid,17.037645448323065,0.6337960376592698,0.9901292895539714,19.868665260026717,1
LOAN-2187,Cancelled,12.583162217659138,0.4571594390918492,1.0,16.29736502219989,0
LOAN-2188,Repaying,18.64476386036961,0.6573423083311305,0.9815348662794107,21.35805231871396,0
LOAN-2189,Fully Repaid,8.407939767282683,0.5166026006533484,0.8898350210834255,11.824926764015942,1
LOAN-2190,Fully Repaid,22.62012320328542,0.636536656253559,1.0,25.437439922017624,1
LOAN-2191,Cancelled,15.126625598904859,0.3057481535312013,1.0,19.59788483124885,0
LOAN-2192,Fully Repaid,12.952772073921972,0.4762088701682758,1.0,16.571727723080592,1
LOAN-2193,Effective,22.340862422997947,0.16360803460851456,1.0,27.522822249955375,0
LOAN-2194,Fully Repaid,25.32785763175907,0.15974281024645226,1.0,30.529143580526807,1
LOAN-2195,Disbursing,4.3668720054757015,0.5310956944610875,0.6736688140494027,7.7113935331702645,0
LOAN-2196,Disbursing,11.512662559890487,0.8496099904551379,0.3235289527717329,13.264612607614797,0
LOAN-2197,Fully Repaid,22.258726899383984,0.05276176650092702,1.0,27.99491806687935,1
LOAN-2198,Repaying,14.015058179329227,0.3547664238570244,1.0,18.241226060044106,0
LOAN-2199,Effective,4.974674880219028,0.4414188088770057,0.8364571731272327,8.767580835834,0
